"Date/Time","3m T","5m T","7m T","Surface PAR", Air Temperature,Wind Speed,Wind Direction
08/01/2019 12:03:00 AM,25.78,24.96,21.69,6, 20.1,0.3,0
08/01/2019 12:18:00 AM,25.73,25.01,21.59,8, 20.3,0.5,155
08/01/2019 12:33:00 AM,25.95,25.02,21.77,6, 20.3,0.5,132
08/01/2019 12:48:00 AM,26.01,25.03,22.10,5, 20.4,0.3,244
08/01/2019 1:03:00 AM,26.01,25.03,21.85,5, 20.4,0,0
08/01/2019 1:18:00 AM,25.93,25.09,22.03,6, 20.1,0,152
08/01/2019 1:33:00 AM,25.95,25.13,22.10,6, 20.2,0,0
08/01/2019 1:48:00 AM,26.04,25.12,22.04,5, 20.2,0,191
08/01/2019 2:03:00 AM,26.07,25.10,22.02,1, 20.3,0.6,142
08/01/2019 2:18:00 AM,26.18,25.20,22.04,5, 20.1,0.5,160
08/01/2019 2:33:00 AM,26.24,25.16,22.20,3, 19.8,1.6,224
08/01/2019 2:48:00 AM,26.27,25.16,22.25,5, 19.8,0.6,229
08/01/2019 3:03:00 AM,26.29,25.16,22.32,3, 20,0.7,227
08/01/2019 3:18:00 AM,26.30,25.14,22.46,3, 19.9,0.4,140
08/01/2019 3:33:00 AM,26.33,25.14,22.42,3, 19.8,0.8,232
08/01/2019 3:48:00 AM,26.35,25.10,22.20,3, 20,0,0
08/01/2019 4:03:00 AM,26.36,25.09,22.32,5, 19.9,0.5,241
08/01/2019 4:18:00 AM,26.37,25.13,22.46,3, 19.9,0,0
08/01/2019 4:33:00 AM,26.40,25.14,22.48,3, 19.9,0.6,210
08/01/2019 4:48:00 AM,26.47,25.26,22.32,3, 20,0.4,238
08/01/2019 5:03:00 AM,26.49,25.24,21.97,5, 19.8,0.7,225
08/01/2019 5:18:00 AM,26.52,25.30,22.02,9, 19.7,0.6,227
08/01/2019 5:33:00 AM,26.56,25.33,21.98,12, 19.7,0.7,208
08/01/2019 5:48:00 AM,26.54,25.30,21.99,24, 19.7,0.6,138
08/01/2019 6:03:00 AM,26.58,25.29,22.22,52, 19.8,0.3,290
08/01/2019 6:18:00 AM,26.54,25.27,22.09,60, 20,0.4,228
08/01/2019 6:33:00 AM,26.48,25.26,22.12,97, 20.4,0.6,307
08/01/2019 6:48:00 AM,26.41,25.28,22.24,130, 21,0,0
08/01/2019 7:03:00 AM,26.39,25.28,22.34,129, 21.4,0.6,338
08/01/2019 7:18:00 AM,26.34,25.28,22.38,248, 21.7,1,301
08/01/2019 7:33:00 AM,26.43,25.29,22.32,180, 22.6,0,271
08/01/2019 7:48:00 AM,26.50,25.27,22.39,175, 22.5,1.2,305
08/01/2019 8:03:00 AM,26.50,25.28,22.42,256, 22.8,1.7,321
08/01/2019 8:18:00 AM,26.45,25.29,22.38,467, 23.2,1,330
08/01/2019 8:33:00 AM,26.54,25.30,22.13,388, 23.3,1.9,315
08/01/2019 8:48:00 AM,26.52,25.29,21.92,518, 23.2,2.3,324
08/01/2019 9:03:00 AM,26.63,25.29,21.69,537, 23.7,2.4,315
08/01/2019 9:18:00 AM,26.66,25.27,21.14,602, 24.2,2.4,333
08/01/2019 9:33:00 AM,26.77,25.34,20.94,926, 24.4,2.4,315
08/01/2019 9:48:00 AM,26.81,25.31,21.24,660, 24.4,3,316
08/01/2019 10:03:00 AM,26.78,25.23,21.23,168, 24.5,2.7,318
08/01/2019 10:18:00 AM,26.76,25.19,21.07,356, 25.3,2.2,315
08/01/2019 10:33:00 AM,26.83,25.12,20.38,807, 24.8,3.1,318
08/01/2019 10:48:00 AM,26.84,25.03,20.32,546, 24.7,2.6,312
08/01/2019 11:03:00 AM,26.79,25.00,19.75,1399, 24.9,1.8,330
08/01/2019 11:18:00 AM,26.84,24.87,19.40,696, 26.3,0.7,93
08/01/2019 11:33:00 AM,26.87,24.79,19.14,1646, 26.9,0.7,25
08/01/2019 11:48:00 AM,26.91,24.93,19.58,1173, 26.9,1.4,19
08/01/2019 12:03:00 PM,26.89,24.97,19.52,650, 27.2,0.9,0
08/01/2019 12:18:00 PM,26.77,25.07,20.08,700, 28,1.3,13
08/01/2019 12:33:00 PM,26.28,24.90,20.60,775, 26.7,1.5,2
08/01/2019 12:48:00 PM,26.43,24.86,20.49,238, 27.4,0.6,308
08/01/2019 1:03:00 PM,26.13,24.64,20.13,783, 26.7,1.1,350
08/01/2019 1:18:00 PM,26.62,24.76,20.03,226, 26.3,1.5,314
08/01/2019 1:33:00 PM,26.82,24.92,20.27,191, 26.9,2.1,317
08/01/2019 1:48:00 PM,26.84,24.83,20.16,736, 27.7,0.8,9
08/01/2019 2:03:00 PM,26.92,24.83,20.25,218, 27.3,0.7,334
08/01/2019 2:18:00 PM,26.74,25.07,20.42,1573, 27.6,1.4,310
08/01/2019 2:33:00 PM,26.54,24.81,20.86,792, 26.8,2.2,323
08/01/2019 2:48:00 PM,26.52,24.89,20.27,856, 27.1,1.2,305
08/01/2019 3:03:00 PM,26.73,24.78,20.33,947, 28.3,1.3,300
08/01/2019 3:18:00 PM,26.58,24.53,21.34,299, 27.4,1.4,312
08/01/2019 3:33:00 PM,26.63,24.50,21.44,124, 29.3,0.4,327
08/01/2019 3:48:00 PM,26.72,24.66,21.30,228, 28.5,1.8,324
08/01/2019 4:03:00 PM,26.80,24.65,21.11,162, 28.9,2.1,306
08/01/2019 4:18:00 PM,26.85,24.76,21.32,148, 29.1,1.2,302
08/01/2019 4:33:00 PM,26.83,24.54,21.31,153, 28,2.8,311
08/01/2019 4:48:00 PM,26.71,24.50,21.50,145, 28,2.6,308
08/01/2019 5:03:00 PM,26.54,24.62,21.25,118, 27.6,1.4,302
08/01/2019 5:18:00 PM,26.54,24.67,21.21,82, 27.2,2.3,310
08/01/2019 5:33:00 PM,26.54,24.70,21.61,94, 27.6,1.5,310
08/01/2019 5:48:00 PM,26.62,24.72,21.66,99, 27.8,1.9,312
08/01/2019 6:03:00 PM,26.78,25.06,21.93,72, 27.6,0.9,319
08/01/2019 6:18:00 PM,26.87,25.00,22.07,76, 27.5,1,308
08/01/2019 6:33:00 PM,26.93,24.97,22.15,61, 28.4,0,0
08/01/2019 6:48:00 PM,27.01,24.93,22.22,36, 27.1,1.1,306
08/01/2019 7:03:00 PM,27.03,25.02,22.03,45, 27.2,0,0
08/01/2019 7:18:00 PM,27.02,25.02,21.80,25, 26.3,1.6,309
08/01/2019 7:33:00 PM,26.98,24.99,21.99,16, 25,1.3,311
08/01/2019 7:48:00 PM,27.08,25.00,21.96,9, 24.7,1.6,312
08/01/2019 8:03:00 PM,27.04,25.03,22.00,6, 23.6,1.5,310
08/01/2019 8:18:00 PM,27.05,25.05,21.77,5, 22.9,1.2,312
08/01/2019 8:33:00 PM,27.03,25.00,21.91,5, 22.6,1.1,321
08/01/2019 8:48:00 PM,27.01,25.12,21.86,5, 22.3,1.5,317
08/01/2019 9:03:00 PM,26.98,25.16,21.43,5, 22.1,1.2,307
08/01/2019 9:18:00 PM,26.95,25.15,21.05,5, 21.9,1.3,314
08/01/2019 9:33:00 PM,26.95,25.19,21.20,5, 21.7,1,314
08/01/2019 9:48:00 PM,26.92,25.18,21.35,8, 21.7,0.7,318
08/01/2019 10:03:00 PM,26.88,25.27,21.36,5, 21.8,0.8,309
08/01/2019 10:18:00 PM,26.86,25.18,21.36,6, 21.7,0.9,315
08/01/2019 10:33:00 PM,26.83,25.23,21.44,8, 20.9,0,0
08/01/2019 10:48:00 PM,26.83,25.26,21.20,5, 20.3,0.5,77
08/01/2019 11:03:00 PM,26.80,25.31,21.84,6, 19.8,0.4,105
08/01/2019 11:18:00 PM,26.79,25.34,22.01,6, 19.4,0,0
08/01/2019 11:33:00 PM,26.77,25.33,21.71,8, 19.5,0,88
08/01/2019 11:48:00 PM,26.76,25.31,21.74,6, 19,0.7,93
08/02/2019 12:03:00 AM,26.73,25.30,21.88,6, 19.7,0.3,0
08/02/2019 12:18:00 AM,26.73,25.29,22.02,5, 19.5,0,0
08/02/2019 12:33:00 AM,26.71,25.24,22.07,5, 19,0.5,102
08/02/2019 12:48:00 AM,26.69,25.20,22.18,6, 18.8,0,0
08/02/2019 1:03:00 AM,26.67,25.23,22.83,5, 18.7,0,0
08/02/2019 1:18:00 AM,26.65,25.21,22.96,5, 18.6,0,0
08/02/2019 1:33:00 AM,26.62,25.21,22.85,6, 18.4,0,0
08/02/2019 1:48:00 AM,26.61,25.22,22.70,3, 18.1,0,0
08/02/2019 2:03:00 AM,26.59,25.22,22.41,3, 18,0,0
08/02/2019 2:18:00 AM,26.56,25.24,22.11,5, 17.7,1.1,238
08/02/2019 2:33:00 AM,26.53,25.20,21.92,3, 17.7,0,0
08/02/2019 2:48:00 AM,26.52,25.21,21.96,5, 17.7,0,0
08/02/2019 3:03:00 AM,26.50,25.23,21.99,5, 17.3,0.7,246
08/02/2019 3:18:00 AM,26.47,25.26,22.07,3, 17.2,0.5,226
08/02/2019 3:33:00 AM,26.45,25.31,22.12,6, 17,0.5,236
08/02/2019 3:48:00 AM,26.43,25.33,22.07,3, 16.6,0,0
08/02/2019 4:03:00 AM,26.42,25.46,21.87,5, 16.7,0.3,0
08/02/2019 4:18:00 AM,26.41,25.62,21.90,3, 17,0.5,226
08/02/2019 4:33:00 AM,26.41,25.94,21.73,3, 17,0,0
08/02/2019 4:48:00 AM,26.40,25.75,21.47,5, 16.8,0.4,0
08/02/2019 5:03:00 AM,26.39,25.58,21.53,6, 16.7,0,0
08/02/2019 5:18:00 AM,26.38,25.50,21.78,9, 16.8,0.6,109
08/02/2019 5:33:00 AM,26.36,25.54,21.72,18, 16.8,0.4,150
08/02/2019 5:48:00 AM,26.36,25.62,21.72,30, 16.8,0.5,151
08/02/2019 6:03:00 AM,26.35,25.88,21.53,40, 16.8,0.4,0
08/02/2019 6:18:00 AM,26.34,26.11,21.44,76, 16.9,0.6,243
08/02/2019 6:33:00 AM,26.34,26.13,21.31,93, 17.4,0,213
08/02/2019 6:48:00 AM,26.32,26.22,21.40,108, 17.6,1.1,220
08/02/2019 7:03:00 AM,26.32,26.16,21.33,141, 17.8,0.9,221
08/02/2019 7:18:00 AM,26.32,26.21,21.38,174, 18.7,0.5,223
08/02/2019 7:33:00 AM,26.32,26.21,21.37,217, 20.6,0.6,230
08/02/2019 7:48:00 AM,26.33,26.23,21.39,305, 21,0.5,214
08/02/2019 8:03:00 AM,26.34,26.23,21.38,290, 20.7,1.1,227
08/02/2019 8:18:00 AM,26.35,26.22,21.26,314, 24.7,0.5,238
08/02/2019 8:33:00 AM,26.35,26.21,21.11,361, 27,0.5,249
08/02/2019 8:48:00 AM,26.36,26.19,21.09,413, 26.9,0.5,247
08/02/2019 9:03:00 AM,26.38,26.16,20.96,449, 27.5,0.4,240
08/02/2019 9:18:00 AM,26.35,25.92,21.08,546, 28,0.6,265
08/02/2019 9:33:00 AM,26.36,25.99,21.11,554, 28.6,0.5,248
08/02/2019 9:48:00 AM,26.36,25.94,21.20,1274, 29.3,0.4,235
08/02/2019 10:03:00 AM,26.37,26.14,21.32,524, 29.5,0.4,258
08/02/2019 10:18:00 AM,26.38,26.07,21.51,654, 29.8,0.5,233
08/02/2019 10:33:00 AM,26.39,26.18,21.21,654, 29.1,0.6,255
08/02/2019 10:48:00 AM,26.40,26.20,21.29,705, 29.3,0.6,255
08/02/2019 11:03:00 AM,26.44,26.19,21.14,1154, 30.5,0.6,226
08/02/2019 11:18:00 AM,26.45,25.99,21.09,642, 29.9,0.5,243
08/02/2019 11:33:00 AM,26.48,25.93,20.93,652, 30.7,0.9,222
08/02/2019 11:48:00 AM,26.49,26.07,20.93,2981, 29.9,0.4,269
08/02/2019 12:03:00 PM,26.49,25.99,20.62,1098, 28.9,0.8,193
08/02/2019 12:18:00 PM,26.51,26.12,20.93,265, 29.9,1.1,295
08/02/2019 12:33:00 PM,26.56,26.20,20.74,588, 29.8,1.1,252
08/02/2019 12:48:00 PM,26.60,26.18,20.69,664, 28,1.6,305
08/02/2019 1:03:00 PM,26.63,26.21,21.01,268, 28.9,1.3,302
08/02/2019 1:18:00 PM,26.62,26.08,21.03,1242, 29.2,0.6,242
08/02/2019 1:33:00 PM,26.63,25.62,20.97,715, 31,0.8,260
08/02/2019 1:48:00 PM,26.67,25.52,21.02,560, 30.4,0.8,289
08/02/2019 2:03:00 PM,26.66,25.69,21.00,1347, 29.3,1.9,311
08/02/2019 2:18:00 PM,26.69,25.58,21.06,846, 29.9,1.2,300
08/02/2019 2:33:00 PM,26.69,25.75,20.65,898, 29.9,1.4,296
08/02/2019 2:48:00 PM,26.67,26.18,20.35,597, 29.1,1.8,307
08/02/2019 3:03:00 PM,26.80,26.24,20.34,652, 29,1,296
08/02/2019 3:18:00 PM,26.73,26.31,20.21,792, 30.2,1.4,270
08/02/2019 3:33:00 PM,26.79,26.29,20.25,379, 30,0.9,303
08/02/2019 3:48:00 PM,26.78,26.28,20.11,458, 29.3,2,304
08/02/2019 4:03:00 PM,26.73,25.95,20.01,182, 30.5,0.6,279
08/02/2019 4:18:00 PM,26.74,25.96,19.97,189, 31.1,0.9,301
08/02/2019 4:33:00 PM,26.73,25.95,19.98,145, 30.9,0.7,290
08/02/2019 4:48:00 PM,26.72,25.97,20.36,127, 30.2,1.1,307
08/02/2019 5:03:00 PM,26.70,25.99,20.55,114, 30.9,1.3,309
08/02/2019 5:18:00 PM,26.71,26.02,20.47,108, 29.7,0.8,329
08/02/2019 5:33:00 PM,26.70,26.04,20.44,93, 30,0.8,334
08/02/2019 5:48:00 PM,26.69,26.05,20.55,88, 30.2,0.7,313
08/02/2019 6:03:00 PM,26.65,26.06,20.62,75, 30.4,0.4,0
08/02/2019 6:18:00 PM,26.62,26.07,20.81,63, 30.3,0.5,302
08/02/2019 6:33:00 PM,26.58,26.09,20.03,52, 30.5,0.7,293
08/02/2019 6:48:00 PM,26.59,26.10,20.83,45, 29.8,0.4,314
08/02/2019 7:03:00 PM,26.58,26.11,20.70,33, 29.9,0.4,266
08/02/2019 7:18:00 PM,26.62,26.12,20.82,23, 28.9,0.4,266
08/02/2019 7:33:00 PM,26.62,26.13,20.99,14, 28.1,0,0
08/02/2019 7:48:00 PM,26.63,26.12,21.01,6, 27.1,0.4,0
08/02/2019 8:03:00 PM,26.58,26.14,20.63,6, 26,0.6,281
08/02/2019 8:18:00 PM,26.58,26.15,20.85,6, 25.4,0,0
08/02/2019 8:33:00 PM,26.58,26.16,20.76,5, 24.3,0.3,124
08/02/2019 8:48:00 PM,26.57,26.17,20.49,6, 23.2,0,0
08/02/2019 9:03:00 PM,26.55,26.18,20.62,6, 22.9,0.9,206
08/02/2019 9:18:00 PM,26.58,26.19,20.39,8, 22.9,1.2,222
08/02/2019 9:33:00 PM,26.53,26.20,20.52,6, 22.2,0.6,237
08/02/2019 9:48:00 PM,26.56,26.20,20.65,5, 21.9,1.5,221
08/02/2019 10:03:00 PM,26.56,26.20,20.67,6, 21.7,0.8,215
08/02/2019 10:18:00 PM,26.64,26.20,20.62,5, 21.6,0.3,243
08/02/2019 10:33:00 PM,26.64,26.20,20.76,6, 21.4,0.8,232
08/02/2019 10:48:00 PM,26.64,26.19,20.74,8, 21.3,0.8,229
08/02/2019 11:03:00 PM,26.69,26.22,20.91,6, 21.3,1.5,220
08/02/2019 11:18:00 PM,26.66,26.14,20.97,6, 21.3,0.9,230
08/02/2019 11:33:00 PM,26.71,26.06,21.03,5, 21,0.5,205
08/02/2019 11:48:00 PM,26.85,25.88,21.18,5, 21,1,225
08/03/2019 12:03:00 AM,26.85,25.81,21.18,6, 20.9,1.9,222
08/03/2019 12:18:00 AM,26.85,25.30,21.17,6, 20.4,1.6,221
08/03/2019 12:33:00 AM,26.67,25.31,20.98,6, 20.3,0.9,226
08/03/2019 12:48:00 AM,26.67,25.34,20.74,6, 20.2,1.5,224
08/03/2019 1:03:00 AM,26.67,25.34,20.67,5, 20.1,1.7,222
08/03/2019 1:18:00 AM,26.72,25.36,20.44,6, 19.7,1.4,216
08/03/2019 1:33:00 AM,26.76,25.37,20.54,5, 19.5,0.9,214
08/03/2019 1:48:00 AM,26.82,25.37,20.52,3, 19.3,1.3,213
08/03/2019 2:03:00 AM,26.86,25.41,20.72,5, 19.3,1.3,212
08/03/2019 2:18:00 AM,26.76,25.42,20.59,3, 19.2,1.1,231
08/03/2019 2:33:00 AM,26.84,25.38,20.69,3, 19.2,1.1,203
08/03/2019 2:48:00 AM,26.81,25.48,20.73,3, 19.1,1.2,227
08/03/2019 3:03:00 AM,26.82,25.49,20.78,3, 18.9,0.9,240
08/03/2019 3:18:00 AM,26.81,25.49,20.63,3, 18.9,1.1,222
08/03/2019 3:33:00 AM,26.80,25.46,20.71,3, 19.3,0.3,0
08/03/2019 3:48:00 AM,26.77,25.42,20.87,5, 19,1,231
08/03/2019 4:03:00 AM,26.75,25.36,20.91,3, 18.8,0.9,212
08/03/2019 4:18:00 AM,26.72,25.36,20.77,3, 18.5,0.8,230
08/03/2019 4:33:00 AM,26.70,25.41,20.77,3, 18.3,0.8,230
08/03/2019 4:48:00 AM,26.68,25.40,20.66,5, 18.2,1.2,214
08/03/2019 5:03:00 AM,26.66,25.73,20.46,3, 18.3,1.3,230
08/03/2019 5:18:00 AM,26.62,25.56,20.55,8, 18.2,1.2,227
08/03/2019 5:33:00 AM,26.63,25.56,20.45,16, 18,0,148
08/03/2019 5:48:00 AM,26.63,25.40,20.36,27, 18,0.5,199
08/03/2019 6:03:00 AM,26.62,25.38,20.38,36, 17.9,0.6,217
08/03/2019 6:18:00 AM,26.60,25.31,20.44,72, 18.1,0,0
08/03/2019 6:33:00 AM,26.53,25.26,20.37,94, 18.4,0,0
08/03/2019 6:48:00 AM,26.51,25.28,20.47,111, 18.9,0,0
08/03/2019 7:03:00 AM,26.50,25.13,20.54,141, 19.8,0,0
08/03/2019 7:18:00 AM,26.48,25.25,20.54,150, 20.9,0.4,347
08/03/2019 7:33:00 AM,26.45,25.08,20.68,172, 20.4,0,348
08/03/2019 7:48:00 AM,26.44,25.16,20.86,247, 22.2,0.5,107
08/03/2019 8:03:00 AM,26.40,25.13,20.97,284, 24.4,0.4,116
08/03/2019 8:18:00 AM,26.37,25.17,21.08,269, 23.7,0.4,107
08/03/2019 8:33:00 AM,26.35,25.22,20.93,340, 24.9,0.7,263
08/03/2019 8:48:00 AM,26.32,25.07,20.87,474, 23.6,1.2,229
08/03/2019 9:03:00 AM,26.32,25.00,20.89,423, 24,0.7,230
08/03/2019 9:18:00 AM,26.29,24.83,21.09,528, 23.7,1.5,223
08/03/2019 9:33:00 AM,26.28,24.91,21.25,391, 23.5,1.2,219
08/03/2019 9:48:00 AM,26.28,24.81,21.44,575, 24.1,1.2,217
08/03/2019 10:03:00 AM,26.27,24.78,21.73,489, 24.7,0.6,240
08/03/2019 10:18:00 AM,26.27,25.09,21.74,901, 26,1.1,224
08/03/2019 10:33:00 AM,26.27,25.33,21.62,437, 27.3,0.9,255
08/03/2019 10:48:00 AM,26.29,25.33,21.66,844, 27.4,1.2,237
08/03/2019 11:03:00 AM,26.29,25.36,21.48,1139, 28.5,1,209
08/03/2019 11:18:00 AM,26.32,25.03,21.34,1071, 28.3,0.9,232
08/03/2019 11:33:00 AM,26.19,25.13,21.65,2212, 29.2,1.5,232
08/03/2019 11:48:00 AM,26.17,25.00,21.58,1589, 28,1.4,221
08/03/2019 12:03:00 PM,26.20,25.27,21.55,2396, 29.1,1.7,223
08/03/2019 12:18:00 PM,26.21,25.47,21.55,805, 29.3,0.7,235
08/03/2019 12:33:00 PM,26.32,25.50,21.44,775, 29.1,0.9,245
08/03/2019 12:48:00 PM,26.49,25.68,21.59,729, 29.3,1.3,266
08/03/2019 1:03:00 PM,26.56,25.71,21.47,1347, 28.3,1.8,221
08/03/2019 1:18:00 PM,26.61,25.71,21.53,1580, 29,1.1,226
08/03/2019 1:33:00 PM,26.65,25.73,21.69,1504, 29.1,1.4,233
08/03/2019 1:48:00 PM,26.70,25.69,21.84,986, 29.1,0.9,279
08/03/2019 2:03:00 PM,26.75,25.66,21.78,305, 29.5,3.3,225
08/03/2019 2:18:00 PM,26.87,25.61,22.27,744, 29.8,2.3,233
08/03/2019 2:33:00 PM,26.89,25.54,22.34,248, 28.9,3.1,220
08/03/2019 2:48:00 PM,26.90,25.51,22.59,229, 29.4,1.5,218
08/03/2019 3:03:00 PM,26.89,25.70,22.69,237, 29.8,2.4,237
08/03/2019 3:18:00 PM,26.89,25.47,22.79,555, 29.5,1,316
08/03/2019 3:33:00 PM,26.90,26.58,22.75,531, 31.2,0.7,313
08/03/2019 3:48:00 PM,26.91,26.62,22.79,223, 31.1,1.3,260
08/03/2019 4:03:00 PM,26.92,26.66,22.62,320, 31,0.6,272
08/03/2019 4:18:00 PM,26.95,26.71,22.55,175, 30.8,1.3,311
08/03/2019 4:33:00 PM,26.94,26.74,22.14,163, 30.1,1.2,308
08/03/2019 4:48:00 PM,26.94,26.79,21.87,118, 29.5,1.2,308
08/03/2019 5:03:00 PM,26.99,26.80,21.75,109, 29.7,1.3,312
08/03/2019 5:18:00 PM,27.01,26.75,21.89,108, 29.8,2.1,307
08/03/2019 5:33:00 PM,26.96,26.73,21.64,85, 29.7,1.7,312
08/03/2019 5:48:00 PM,26.96,26.71,21.64,90, 29.7,1.4,316
08/03/2019 6:03:00 PM,26.95,26.76,21.29,70, 29.7,1.4,316
08/03/2019 6:18:00 PM,26.94,26.77,20.87,60, 29.7,1.2,310
08/03/2019 6:33:00 PM,26.91,26.52,21.19,51, 29.7,0.8,326
08/03/2019 6:48:00 PM,26.88,25.91,21.32,45, 30.1,0.6,307
08/03/2019 7:03:00 PM,26.87,24.98,21.25,42, 29,0.8,309
08/03/2019 7:18:00 PM,26.86,25.02,21.04,24, 28.6,0.8,311
08/03/2019 7:33:00 PM,26.86,25.11,21.51,14, 28,0.3,297
08/03/2019 7:48:00 PM,26.86,25.31,21.41,6, 27.5,0,0
08/03/2019 8:03:00 PM,26.87,25.43,21.19,6, 25.7,0.4,0
08/03/2019 8:18:00 PM,26.88,25.53,21.12,5, 24.3,0.3,0
08/03/2019 8:33:00 PM,26.91,25.40,21.19,6, 23.8,0,0
08/03/2019 8:48:00 PM,26.90,25.39,21.30,6, 23.6,0,0
08/03/2019 9:03:00 PM,26.92,25.21,21.60,6, 24.4,0.7,306
08/03/2019 9:18:00 PM,26.90,25.17,21.21,5, 25.2,0.8,307
08/03/2019 9:33:00 PM,26.90,25.05,21.34,6, 24.4,0,0
08/03/2019 9:48:00 PM,26.93,24.90,21.54,6, 24.3,0,0
08/03/2019 10:03:00 PM,26.90,24.97,21.19,6, 23.7,0,0
08/03/2019 10:18:00 PM,26.90,24.88,20.96,3, 24,0.5,118
08/03/2019 10:33:00 PM,26.91,24.93,20.87,8, 24,0.8,225
08/03/2019 10:48:00 PM,26.91,24.85,20.92,5, 23.8,0,0
08/03/2019 11:03:00 PM,26.91,24.94,20.93,8, 23.9,2,350
08/03/2019 11:18:00 PM,26.87,24.97,20.56,5, 23.6,1,10
08/03/2019 11:33:00 PM,26.86,24.95,20.10,6, 23.3,0.7,177
08/03/2019 11:48:00 PM,26.83,24.92,19.82,5, 23.1,0.3,0
08/04/2019 12:03:00 AM,26.81,24.84,19.91,6, 23.1,0.5,94
08/04/2019 12:18:00 AM,26.79,24.68,20.03,5, 22.5,0,0
08/04/2019 12:33:00 AM,26.78,24.68,20.33,6, 22.5,0.6,342
08/04/2019 12:48:00 AM,26.77,24.62,20.47,6, 22.4,0,236
08/04/2019 1:03:00 AM,26.76,24.65,20.49,5, 22.5,0,0
08/04/2019 1:18:00 AM,26.75,24.73,20.39,6, 22.6,0,0
08/04/2019 1:33:00 AM,26.74,24.84,20.13,3, 22.3,0.6,227
08/04/2019 1:48:00 AM,26.71,24.86,20.12,6, 22.2,0.7,175
08/04/2019 2:03:00 AM,26.70,24.90,20.00,5, 21.6,1.2,222
08/04/2019 2:18:00 AM,26.69,24.70,19.92,5, 21.5,0,0
08/04/2019 2:33:00 AM,26.68,24.93,19.89,6, 21.7,0,0
08/04/2019 2:48:00 AM,26.67,24.90,20.23,3, 21.9,0.6,309
08/04/2019 3:03:00 AM,26.66,25.02,20.97,3, 22,0,0
08/04/2019 3:18:00 AM,26.65,25.01,20.76,3, 21.8,0.4,107
08/04/2019 3:33:00 AM,26.62,24.92,20.95,3, 21.8,0,0
08/04/2019 3:48:00 AM,26.62,24.97,20.95,3, 21.4,0.5,350
08/04/2019 4:03:00 AM,26.60,24.84,21.03,3, 21.1,0.5,5
08/04/2019 4:18:00 AM,26.59,25.00,20.46,5, 21.1,0,0
08/04/2019 4:33:00 AM,26.57,24.91,20.49,6, 20.9,0.3,12
08/04/2019 4:48:00 AM,26.54,24.92,20.52,3, 20.8,1.4,352
08/04/2019 5:03:00 AM,26.54,24.99,20.68,3, 20.8,1.3,356
08/04/2019 5:18:00 AM,26.52,24.92,20.59,6, 20.5,1.5,6
08/04/2019 5:33:00 AM,26.51,24.91,20.82,15, 20.1,1.6,347
08/04/2019 5:48:00 AM,26.47,24.95,20.83,25, 19.7,0.8,350
08/04/2019 6:03:00 AM,26.46,24.97,20.82,42, 19.4,1.4,342
08/04/2019 6:18:00 AM,26.44,25.02,20.76,64, 19.2,1.2,356
08/04/2019 6:33:00 AM,26.43,25.02,20.87,91, 19.3,1.3,345
08/04/2019 6:48:00 AM,26.41,25.03,20.68,91, 19.3,1.2,7
08/04/2019 7:03:00 AM,26.40,25.12,20.85,124, 19.6,1.2,0
08/04/2019 7:18:00 AM,26.39,25.13,20.86,172, 20.2,1.1,6
08/04/2019 7:33:00 AM,26.38,25.15,20.90,214, 20.7,1.5,312
08/04/2019 7:48:00 AM,26.37,25.16,21.18,220, 22.2,0.5,0
08/04/2019 8:03:00 AM,26.37,25.18,21.35,226, 23.6,2,0
08/04/2019 8:18:00 AM,26.36,25.15,21.50,437, 22.6,0.4,0
08/04/2019 8:33:00 AM,26.35,25.15,21.47,307, 21.5,0.9,333
08/04/2019 8:48:00 AM,26.34,25.15,21.40,346, 23.6,0.7,274
08/04/2019 9:03:00 AM,26.34,25.13,21.32,409, 25,0.6,221
08/04/2019 9:18:00 AM,26.35,25.10,21.31,476, 24.7,0.5,347
08/04/2019 9:33:00 AM,26.36,25.14,21.36,358, 24.4,1,349
08/04/2019 9:48:00 AM,26.37,25.19,21.54,230, 26.2,0.3,262
08/04/2019 10:03:00 AM,26.37,25.10,21.66,230, 26.8,1,114
08/04/2019 10:18:00 AM,26.38,25.03,21.80,717, 26.4,0.7,262
08/04/2019 10:33:00 AM,26.37,25.04,21.90,177, 26.8,0.5,242
08/04/2019 10:48:00 AM,26.37,25.02,22.06,979, 26.8,0.8,270
08/04/2019 11:03:00 AM,26.38,25.11,22.19,376, 24.3,0.8,298
08/04/2019 11:18:00 AM,26.38,25.21,22.35,316, 26.9,1.1,291
08/04/2019 11:33:00 AM,26.37,25.18,22.50,356, 24.8,1.5,300
08/04/2019 11:48:00 AM,26.37,25.39,22.49,1450, 24.4,1.6,308
08/04/2019 12:03:00 PM,26.38,25.32,22.39,899, 24,1.4,336
08/04/2019 12:18:00 PM,26.37,25.36,22.39,985, 24.8,1.6,304
08/04/2019 12:33:00 PM,26.35,25.35,22.41,866, 24.7,4.7,310
08/04/2019 12:48:00 PM,26.34,25.39,22.23,841, 24.8,1.3,290
08/04/2019 1:03:00 PM,26.26,25.42,22.15,768, 25.1,2,306
08/04/2019 1:18:00 PM,26.29,25.43,21.84,947, 24.8,2.3,305
08/04/2019 1:33:00 PM,26.34,25.55,22.03,1012, 24.9,2.6,309
08/04/2019 1:48:00 PM,26.38,25.56,21.26,560, 24.8,2.5,309
08/04/2019 2:03:00 PM,26.49,25.49,21.15,1348, 25.9,3,319
08/04/2019 2:18:00 PM,26.48,25.53,21.05,793, 25,3.1,313
08/04/2019 2:33:00 PM,26.58,25.50,20.96,1528, 25.9,1.2,312
08/04/2019 2:48:00 PM,26.59,25.55,20.86,1315, 26.9,0.9,307
08/04/2019 3:03:00 PM,26.61,25.37,21.04,666, 27.2,1,295
08/04/2019 3:18:00 PM,26.63,25.10,20.92,548, 27.6,0.7,260
08/04/2019 3:33:00 PM,26.64,24.89,22.15,610, 26.7,2.4,310
08/04/2019 3:48:00 PM,26.61,24.95,21.70,181, 27.6,1,249
08/04/2019 4:03:00 PM,26.59,25.02,21.80,177, 27,1.3,309
08/04/2019 4:18:00 PM,26.60,25.04,21.94,156, 26.8,1.2,313
08/04/2019 4:33:00 PM,26.58,25.09,22.35,120, 26.2,3,309
08/04/2019 4:48:00 PM,26.63,25.03,22.37,106, 26.2,3.3,317
08/04/2019 5:03:00 PM,26.63,24.95,22.53,103, 26.1,4,310
08/04/2019 5:18:00 PM,26.68,25.07,22.53,102, 26,3.2,308
08/04/2019 5:33:00 PM,26.63,25.07,22.18,93, 25.5,3.8,313
08/04/2019 5:48:00 PM,26.60,25.09,22.10,102, 25.3,3.4,312
08/04/2019 6:03:00 PM,26.51,24.83,21.07,67, 25.3,3,310
08/04/2019 6:18:00 PM,26.46,24.99,20.99,81, 25.1,2.1,314
08/04/2019 6:33:00 PM,26.47,24.96,20.38,82, 25.1,2.6,310
08/04/2019 6:48:00 PM,26.49,24.91,20.34,58, 24.6,3.7,312
08/04/2019 7:03:00 PM,26.44,24.90,20.22,33, 24.1,2.2,310
08/04/2019 7:18:00 PM,26.42,24.88,20.01,23, 23.7,2.5,305
08/04/2019 7:33:00 PM,26.39,24.87,20.26,14, 23.1,2.4,317
08/04/2019 7:48:00 PM,26.33,24.84,20.66,8, 22.6,1.7,301
08/04/2019 8:03:00 PM,26.32,24.82,20.96,6, 21.7,0,0
08/04/2019 8:18:00 PM,26.31,24.80,21.13,5, 21.3,2.1,348
08/04/2019 8:33:00 PM,26.26,24.75,21.37,6, 20.9,2.2,346
08/04/2019 8:48:00 PM,26.23,24.78,20.93,5, 20.7,2.6,349
08/04/2019 9:03:00 PM,26.18,24.76,20.57,6, 20.4,4.2,316
08/04/2019 9:18:00 PM,26.16,24.70,21.03,5, 20,3.1,321
08/04/2019 9:33:00 PM,26.12,24.69,21.13,5, 19.5,2.2,316
08/04/2019 9:48:00 PM,26.10,24.63,21.07,5, 19.4,1.4,332
08/04/2019 10:03:00 PM,26.06,24.64,20.82,6, 19.1,2.5,333
08/04/2019 10:18:00 PM,26.03,24.67,20.94,6, 18.9,1.5,329
08/04/2019 10:33:00 PM,26.02,24.61,20.59,8, 18.4,0.7,8
08/04/2019 10:48:00 PM,25.99,24.60,21.45,5, 18.2,0.7,331
08/04/2019 11:03:00 PM,25.96,24.53,21.73,8, 17.8,1.3,339
08/04/2019 11:18:00 PM,25.96,24.49,21.46,8, 18,1.2,316
08/04/2019 11:33:00 PM,25.92,24.55,21.18,6, 18,1.1,313
08/04/2019 11:48:00 PM,25.91,24.60,20.76,8, 17.6,0.9,334
08/05/2019 12:03:00 AM,25.87,24.68,20.44,6, 17.7,1.1,323
08/05/2019 12:18:00 AM,25.86,24.96,20.23,6, 17.5,1.3,317
08/05/2019 12:33:00 AM,25.83,24.98,20.23,5, 17.3,0.9,304
08/05/2019 12:48:00 AM,25.81,25.11,20.00,3, 17.6,1.7,320
08/05/2019 1:03:00 AM,25.79,25.29,19.99,5, 17.7,1.3,302
08/05/2019 1:18:00 AM,25.77,25.50,20.14,5, 17.5,1.2,320
08/05/2019 1:33:00 AM,25.74,25.67,20.67,5, 17.4,1,310
08/05/2019 1:48:00 AM,25.71,25.56,20.89,5, 17.5,0.7,325
08/05/2019 2:03:00 AM,25.69,25.56,20.82,6, 17.3,1,322
08/05/2019 2:18:00 AM,25.70,25.61,21.25,5, 17,0.5,342
08/05/2019 2:33:00 AM,25.66,25.61,21.84,5, 17.2,1,333
08/05/2019 2:48:00 AM,25.63,25.58,22.08,5, 17.4,0.8,296
08/05/2019 3:03:00 AM,25.61,25.52,22.27,3, 16.7,1.2,337
08/05/2019 3:18:00 AM,25.61,25.54,22.21,3, 16.4,0.3,337
08/05/2019 3:33:00 AM,25.58,25.51,22.36,6, 16.2,0,0
08/05/2019 3:48:00 AM,25.55,25.48,22.19,3, 15.7,0.8,231
08/05/2019 4:03:00 AM,25.54,25.46,22.43,3, 15,0,0
08/05/2019 4:18:00 AM,25.52,25.44,22.46,3, 14.9,0.7,215
08/05/2019 4:33:00 AM,25.50,25.41,22.31,5, 14.7,1.5,222
08/05/2019 4:48:00 AM,25.47,25.38,22.32,5, 14.6,0.6,218
08/05/2019 5:03:00 AM,25.46,25.38,22.46,3, 14.4,0,0
08/05/2019 5:18:00 AM,25.43,25.37,22.58,6, 14.5,0.7,280
08/05/2019 5:33:00 AM,25.42,25.34,22.56,16, 14.7,0.5,238
08/05/2019 5:48:00 AM,25.40,25.34,22.47,23, 14.7,1.9,224
08/05/2019 6:03:00 AM,25.38,25.31,22.46,32, 14.8,1.2,218
08/05/2019 6:18:00 AM,25.37,25.29,22.36,58, 15.1,0.8,224
08/05/2019 6:33:00 AM,25.34,25.28,22.27,73, 16,0.8,242
08/05/2019 6:48:00 AM,25.33,25.27,22.01,132, 17,0.7,249
08/05/2019 7:03:00 AM,25.32,25.27,22.35,84, 16.7,1.4,226
08/05/2019 7:18:00 AM,25.32,25.25,21.90,195, 17.9,0.7,310
08/05/2019 7:33:00 AM,25.31,25.25,21.76,177, 19.7,0.5,0
08/05/2019 7:48:00 AM,25.31,25.22,21.53,213, 18.7,1.5,319
08/05/2019 8:03:00 AM,25.31,25.21,21.82,341, 19.6,1,302
08/05/2019 8:18:00 AM,25.32,25.20,22.09,286, 20.7,0.9,303
08/05/2019 8:33:00 AM,25.31,25.20,21.72,313, 20.9,1.6,312
08/05/2019 8:48:00 AM,25.33,25.20,21.79,1285, 20.4,1.7,318
08/05/2019 9:03:00 AM,25.35,25.24,21.78,372, 21.4,0.8,293
08/05/2019 9:18:00 AM,25.38,25.27,21.97,293, 21.4,0.8,296
08/05/2019 9:33:00 AM,25.41,25.27,21.70,898, 23.9,0.7,302
08/05/2019 9:48:00 AM,25.44,25.21,21.04,471, 22.2,0.6,295
08/05/2019 10:03:00 AM,25.45,25.23,21.17,739, 23.5,0.9,291
08/05/2019 10:18:00 AM,25.47,25.22,21.17,388, 24.3,1.3,303
08/05/2019 10:33:00 AM,25.49,25.21,21.37,510, 23.1,1.5,304
08/05/2019 10:48:00 AM,25.49,25.20,21.32,401, 24,1.2,272
08/05/2019 11:03:00 AM,25.43,25.20,21.01,768, 22.4,1.1,305
08/05/2019 11:18:00 AM,25.50,25.22,21.05,938, 24.6,1.3,230
08/05/2019 11:33:00 AM,25.49,25.29,20.86,482, 26,0.4,208
08/05/2019 11:48:00 AM,25.56,25.31,20.69,778, 25.5,0.8,278
08/05/2019 12:03:00 PM,25.57,25.33,20.81,865, 23.7,2.7,305
08/05/2019 12:18:00 PM,25.60,25.34,21.00,723, 25.1,1.3,311
08/05/2019 12:33:00 PM,25.65,25.34,21.30,643, 23.9,2,304
08/05/2019 12:48:00 PM,25.66,25.36,20.93,1259, 25.9,0.7,294
08/05/2019 1:03:00 PM,25.68,25.36,20.83,875, 26.2,1.1,226
08/05/2019 1:18:00 PM,25.73,25.42,20.98,789, 26.1,1.8,225
08/05/2019 1:33:00 PM,25.71,25.44,21.29,3247, 25.2,1,308
08/05/2019 1:48:00 PM,25.70,25.42,21.29,955, 24.8,1.2,227
08/05/2019 2:03:00 PM,25.65,25.34,21.38,2056, 26.3,0.8,269
08/05/2019 2:18:00 PM,25.70,25.45,21.62,253, 26.5,1.1,269
08/05/2019 2:33:00 PM,25.68,25.23,21.51,850, 26.8,0.8,268
08/05/2019 2:48:00 PM,25.67,25.27,21.34,645, 27.7,0.9,289
08/05/2019 3:03:00 PM,25.69,25.28,21.39,632, 26.1,1.9,308
08/05/2019 3:18:00 PM,25.70,25.15,21.72,703, 27.6,0.7,269
08/05/2019 3:33:00 PM,25.70,25.16,21.51,602, 27.7,1,249
08/05/2019 3:48:00 PM,25.70,25.10,21.23,476, 28.2,0.9,320
08/05/2019 4:03:00 PM,25.68,25.18,21.48,130, 28.2,1.8,221
08/05/2019 4:18:00 PM,25.69,25.16,21.94,133, 28.2,0.9,259
08/05/2019 4:33:00 PM,25.70,25.23,21.30,103, 28.3,0.8,293
08/05/2019 4:48:00 PM,25.72,25.28,21.37,105, 28.7,0.7,273
08/05/2019 5:03:00 PM,25.65,25.26,21.78,138, 28.5,1,261
08/05/2019 5:18:00 PM,25.63,25.20,21.65,97, 28.2,1,291
08/05/2019 5:33:00 PM,25.59,25.25,21.68,111, 28.2,0.4,0
08/05/2019 5:48:00 PM,25.60,25.29,21.65,73, 28.4,1,313
08/05/2019 6:03:00 PM,25.62,25.29,21.65,58, 28.6,0.7,271
08/05/2019 6:18:00 PM,25.62,25.32,21.44,69, 28.6,0.8,277
08/05/2019 6:33:00 PM,25.62,25.37,21.58,45, 28.8,0.5,271
08/05/2019 6:48:00 PM,25.63,25.38,21.39,42, 28.3,0.8,287
08/05/2019 7:03:00 PM,25.65,25.40,21.43,32, 28,0.5,285
08/05/2019 7:18:00 PM,25.69,25.39,21.20,23, 27.7,0.6,325
08/05/2019 7:33:00 PM,25.73,25.39,21.10,14, 26.8,0,0
08/05/2019 7:48:00 PM,25.75,25.41,21.18,6, 26.1,0,0
08/05/2019 8:03:00 PM,25.75,25.41,21.05,5, 24.8,0,0
08/05/2019 8:18:00 PM,25.74,25.40,21.34,5, 23.1,0,0
08/05/2019 8:33:00 PM,25.72,25.36,21.25,6, 22.6,1.3,216
08/05/2019 8:48:00 PM,25.77,25.40,21.66,6, 21.9,1.8,226
08/05/2019 9:03:00 PM,25.67,25.39,21.50,6, 21.7,0.8,222
08/05/2019 9:18:00 PM,25.73,25.39,21.31,6, 21.3,0.5,238
08/05/2019 9:33:00 PM,25.79,25.37,21.42,5, 21,0,0
08/05/2019 9:48:00 PM,25.84,25.38,21.10,6, 20.7,1.2,222
08/05/2019 10:03:00 PM,25.77,25.39,21.07,6, 20.3,0.9,227
08/05/2019 10:18:00 PM,25.77,25.39,21.15,8, 20.1,1.4,211
08/05/2019 10:33:00 PM,25.74,25.42,21.00,6, 19.8,1.3,212
08/05/2019 10:48:00 PM,25.69,25.44,21.12,6, 19.5,1.3,219
08/05/2019 11:03:00 PM,25.67,25.54,21.08,3, 19.3,1.5,221
08/05/2019 11:18:00 PM,25.64,25.56,20.96,6, 19.3,1.1,219
08/05/2019 11:33:00 PM,25.61,25.56,20.77,6, 19.1,0.8,215
08/05/2019 11:48:00 PM,25.60,25.53,20.64,5, 18.8,0.9,199
08/06/2019 12:03:00 AM,25.58,25.52,20.69,5, 18.6,0.9,212
08/06/2019 12:18:00 AM,25.58,25.52,20.55,5, 18.3,0,0
08/06/2019 12:33:00 AM,25.55,25.49,20.56,5, 18,0,0
08/06/2019 12:48:00 AM,25.54,25.48,20.54,5, 17.7,0.7,193
08/06/2019 1:03:00 AM,25.63,25.46,20.41,3, 17.5,0.8,178
08/06/2019 1:18:00 AM,25.62,25.44,20.45,1, 17.5,1.3,220
08/06/2019 1:33:00 AM,25.59,25.43,20.55,3, 17.3,1.2,227
08/06/2019 1:48:00 AM,25.61,25.42,20.64,5, 17.4,0.4,233
08/06/2019 2:03:00 AM,25.57,25.35,21.57,3, 17.1,0.4,224
08/06/2019 2:18:00 AM,25.60,25.26,22.03,5, 17,0.5,249
08/06/2019 2:33:00 AM,25.58,25.24,21.84,5, 16.8,1.2,228
08/06/2019 2:48:00 AM,25.57,25.23,21.20,5, 16.7,1.1,226
08/06/2019 3:03:00 AM,25.57,25.24,21.91,3, 16.7,1.1,213
08/06/2019 3:18:00 AM,25.51,25.18,21.04,5, 16.5,0.9,215
08/06/2019 3:33:00 AM,25.56,25.25,22.36,3, 16.5,0,137
08/06/2019 3:48:00 AM,25.52,25.22,22.23,5, 16,0.3,147
08/06/2019 4:03:00 AM,25.55,25.16,22.70,5, 16.1,0.4,183
08/06/2019 4:18:00 AM,25.55,25.17,21.99,3, 15.7,0.6,132
08/06/2019 4:33:00 AM,25.51,25.14,21.15,3, 15.7,1.2,209
08/06/2019 4:48:00 AM,25.49,25.13,20.90,3, 15.7,0,0
08/06/2019 5:03:00 AM,25.50,25.13,21.31,5, 15.5,0,0
08/06/2019 5:18:00 AM,25.48,25.12,20.89,8, 15.7,0,0
08/06/2019 5:33:00 AM,25.45,25.16,20.92,15, 15.9,0,0
08/06/2019 5:48:00 AM,25.43,25.18,20.87,30, 16,0,359
08/06/2019 6:03:00 AM,25.42,25.22,20.84,40, 16.3,0,0
08/06/2019 6:18:00 AM,25.41,25.22,20.26,57, 16.6,0.8,216
08/06/2019 6:33:00 AM,25.41,25.19,20.60,78, 16.5,0,0
08/06/2019 6:48:00 AM,25.39,25.21,20.09,85, 16.5,1.3,216
08/06/2019 7:03:00 AM,25.39,25.19,20.69,114, 16.7,1.2,208
08/06/2019 7:18:00 AM,25.40,25.18,20.31,180, 17.5,0.8,232
08/06/2019 7:33:00 AM,25.41,25.20,20.28,168, 18.3,0.6,229
08/06/2019 7:48:00 AM,25.39,25.19,20.12,180, 19.2,0.9,228
08/06/2019 8:03:00 AM,25.38,25.19,20.70,337, 19.4,1.3,206
08/06/2019 8:18:00 AM,25.39,25.19,20.43,352, 19,1.8,236
08/06/2019 8:33:00 AM,25.37,25.19,20.51,223, 19.9,1.1,221
08/06/2019 8:48:00 AM,25.41,25.20,20.46,296, 21.1,1.5,222
08/06/2019 9:03:00 AM,25.41,25.19,20.96,372, 22.4,1.3,210
08/06/2019 9:18:00 AM,25.38,25.15,21.33,377, 21.9,1.1,199
08/06/2019 9:33:00 AM,25.37,25.13,21.22,528, 21.6,1.9,206
08/06/2019 9:48:00 AM,25.35,25.13,20.92,552, 22.8,0.9,240
08/06/2019 10:03:00 AM,25.33,25.17,20.90,866, 24.2,1.2,230
08/06/2019 10:18:00 AM,25.32,25.18,21.08,513, 26,0.7,221
08/06/2019 10:33:00 AM,25.32,25.19,20.95,848, 27.3,0.9,228
08/06/2019 10:48:00 AM,25.33,25.18,20.90,694, 27.2,0.8,229
08/06/2019 11:03:00 AM,25.35,25.15,21.19,965, 26.7,1,225
08/06/2019 11:18:00 AM,25.36,25.13,21.20,708, 26.6,1.1,232
08/06/2019 11:33:00 AM,25.36,25.14,21.26,500, 27.4,0.8,255
08/06/2019 11:48:00 AM,25.37,25.12,21.88,1471, 26.9,1.4,221
08/06/2019 12:03:00 PM,25.39,25.18,21.87,1242, 26.9,1.3,239
08/06/2019 12:18:00 PM,25.41,25.20,21.89,871, 27.8,1,231
08/06/2019 12:33:00 PM,25.56,25.22,21.68,1157, 27.4,1.4,232
08/06/2019 12:48:00 PM,25.70,25.23,22.07,1176, 27.7,2.1,216
08/06/2019 1:03:00 PM,25.69,25.27,22.55,495, 27.9,3.2,219
08/06/2019 1:18:00 PM,25.76,25.33,23.16,1600, 28.2,3.5,209
08/06/2019 1:33:00 PM,25.81,25.47,22.81,1359, 28.3,2.4,217
08/06/2019 1:48:00 PM,25.78,25.52,23.08,989, 28.2,3.3,219
08/06/2019 2:03:00 PM,25.79,25.58,23.33,841, 27.9,1.8,218
08/06/2019 2:18:00 PM,25.77,25.62,23.07,1417, 28.2,2.8,220
08/06/2019 2:33:00 PM,25.79,25.60,23.62,868, 28.1,2.4,221
08/06/2019 2:48:00 PM,25.83,25.66,23.20,811, 28,2.6,206
08/06/2019 3:03:00 PM,25.86,25.70,22.88,720, 27.9,3.9,217
08/06/2019 3:18:00 PM,25.82,25.68,23.73,766, 28.1,1.3,246
08/06/2019 3:33:00 PM,25.83,25.69,-273.14,319, 27.5,1.9,243
08/06/2019 3:48:00 PM,25.82,25.74,-273.14,325, 27.8,2.5,202
08/06/2019 4:03:00 PM,25.81,25.73,-273.14,320, 27.3,4.6,222
08/06/2019 4:18:00 PM,25.81,25.73,-273.14,542, 27.3,3.2,228
08/06/2019 4:33:00 PM,25.80,25.73,-273.14,371, 27,4.7,227
08/06/2019 4:48:00 PM,25.79,25.73,-273.14,204, 26.9,2.6,206
08/06/2019 5:03:00 PM,25.77,25.71,-273.14,163, 26.9,2.6,227
08/06/2019 5:18:00 PM,25.77,25.71,-273.14,153, 26.7,1.6,234
08/06/2019 5:33:00 PM,25.77,25.71,-273.14,163, 26.6,2.5,210
08/06/2019 5:48:00 PM,25.77,25.71,-273.14,120, 26.2,3,211
08/06/2019 6:03:00 PM,25.77,25.67,-273.14,112, 25.7,3.9,213
08/06/2019 6:18:00 PM,25.77,25.67,-273.14,106, 25.3,1.6,214
08/06/2019 6:33:00 PM,25.78,25.71,-273.14,91, 24.8,2.9,215
08/06/2019 6:48:00 PM,25.75,25.68,-273.14,84, 24.5,3.6,221
08/06/2019 7:03:00 PM,25.74,25.66,-273.14,60, 24.2,2.4,221
08/06/2019 7:18:00 PM,25.74,25.69,-273.14,34, 24,1.3,198
08/06/2019 7:33:00 PM,25.73,25.67,-273.14,16, 23.4,2.2,200
08/06/2019 7:48:00 PM,25.73,25.65,-273.14,6, 22.8,1.9,210
08/06/2019 8:03:00 PM,25.70,25.63,-273.14,6, 22.5,1.6,203
08/06/2019 8:18:00 PM,25.73,25.66,-273.14,5, 21.8,1.2,171
08/06/2019 8:33:00 PM,25.73,25.64,-273.14,6, 21.7,1.1,217
08/06/2019 8:48:00 PM,25.77,25.61,-273.14,6, 21.7,0.8,117
08/06/2019 9:03:00 PM,25.83,25.62,-273.14,6, 21.4,1.5,171
08/06/2019 9:18:00 PM,25.74,25.57,-273.14,6, 21,1.5,218
08/06/2019 9:33:00 PM,25.78,25.58,-273.14,6, 20.8,0.7,146
08/06/2019 9:48:00 PM,25.75,25.54,-273.14,6, 21.1,0.8,170
08/06/2019 10:03:00 PM,25.70,25.50,-273.14,9, 21.1,1.1,185
08/06/2019 10:18:00 PM,25.69,25.53,-273.14,8, 21.1,1.5,212
08/06/2019 10:33:00 PM,25.68,25.51,-273.14,8, 21,0.7,231
08/06/2019 10:48:00 PM,25.67,25.48,-273.14,6, 20.9,0.8,164
08/06/2019 11:03:00 PM,25.64,25.48,-273.14,8, 20.7,1,214
08/06/2019 11:18:00 PM,25.62,25.50,-273.14,5, 20.6,1,146
08/06/2019 11:33:00 PM,25.64,25.48,-273.14,8, 20.6,1.3,192
08/06/2019 11:48:00 PM,25.59,25.48,-273.14,8, 20.5,1.2,151
08/07/2019 12:03:00 AM,25.60,25.52,-273.14,3, 20.4,0.9,176
08/07/2019 12:18:00 AM,25.58,25.50,-273.14,6, 20.2,0.8,168
08/07/2019 12:33:00 AM,25.58,25.50,-273.14,5, 20,0.9,162
08/07/2019 12:48:00 AM,25.56,25.49,-273.14,6, 19.9,1.4,211
08/07/2019 1:03:00 AM,25.54,25.47,-273.14,6, 19.8,0.7,174
08/07/2019 1:18:00 AM,25.53,25.47,-273.14,6, 19.8,1,169
08/07/2019 1:33:00 AM,25.53,25.47,-273.14,5, 19.6,1,207
08/07/2019 1:48:00 AM,25.53,25.47,-273.14,5, 19.7,1,171
08/07/2019 2:03:00 AM,25.54,25.48,-273.14,6, 19.8,0.7,122
08/07/2019 2:18:00 AM,25.54,25.45,22.25,5, 19.6,0.3,0
08/07/2019 2:33:00 AM,25.53,25.47,21.57,3, 19.8,0.4,286
08/07/2019 2:48:00 AM,25.52,25.46,21.42,5, 19.8,1.3,205
08/07/2019 3:03:00 AM,25.52,25.46,21.47,3, 19.7,1.1,186
08/07/2019 3:18:00 AM,25.51,25.46,21.05,3, 19.8,0.8,213
08/07/2019 3:33:00 AM,25.50,25.43,20.18,3, 19.8,0.8,169
08/07/2019 3:48:00 AM,25.50,25.44,20.03,5, 19.8,0.7,128
08/07/2019 4:03:00 AM,25.48,25.42,19.99,5, 19.7,0.8,143
08/07/2019 4:18:00 AM,25.48,25.42,20.32,5, 19.6,0,0
08/07/2019 4:33:00 AM,25.47,25.39,21.00,3, 19.7,0.5,163
08/07/2019 4:48:00 AM,25.46,25.38,20.44,3, 19.7,0.7,111
08/07/2019 5:03:00 AM,25.46,25.40,20.91,5, 19.6,0.9,155
08/07/2019 5:18:00 AM,25.45,25.37,21.24,6, 19.6,0.6,189
08/07/2019 5:33:00 AM,25.45,25.38,20.98,9, 19.8,0,0
08/07/2019 5:48:00 AM,25.44,25.37,21.04,10, 20,0.8,181
08/07/2019 6:03:00 AM,25.44,25.37,21.02,15, 19.4,0.8,151
08/07/2019 6:18:00 AM,25.44,25.37,21.05,19, 19.4,0.6,118
08/07/2019 6:33:00 AM,25.43,25.37,21.07,25, 19.5,1,161
08/07/2019 6:48:00 AM,25.43,25.37,20.58,36, 19.4,0.4,171
08/07/2019 7:03:00 AM,25.43,25.37,20.91,64, 19.6,0.5,121
08/07/2019 7:18:00 AM,25.42,25.36,21.18,124, 19.9,0.6,169
08/07/2019 7:33:00 AM,25.42,25.36,20.96,130, 20.1,0.3,192
08/07/2019 7:48:00 AM,25.43,25.36,20.96,180, 20.5,0.4,134
08/07/2019 8:03:00 AM,25.43,25.36,21.26,166, 21.1,0.5,221
08/07/2019 8:18:00 AM,25.43,25.36,20.94,163, 21.5,0.6,290
08/07/2019 8:33:00 AM,25.43,25.36,20.67,130, 21.6,1,231
08/07/2019 8:48:00 AM,25.43,25.36,20.59,148, 21.5,1.6,215
08/07/2019 9:03:00 AM,25.42,25.36,20.86,187, 21.3,1.4,153
08/07/2019 9:18:00 AM,25.42,25.36,21.01,114, 21.1,0.9,138
08/07/2019 9:33:00 AM,25.41,25.35,20.99,190, 21,1,125
08/07/2019 9:48:00 AM,25.41,25.36,20.80,198, 21.1,1.1,151
08/07/2019 10:03:00 AM,25.41,25.35,20.83,133, 21.4,1.5,215
08/07/2019 10:18:00 AM,25.40,25.35,21.22,177, 21.3,1,130
08/07/2019 10:33:00 AM,25.41,25.35,20.88,296, 21.5,1,144
08/07/2019 10:48:00 AM,25.41,25.34,21.28,446, 22.4,1.3,207
08/07/2019 11:03:00 AM,25.42,25.35,21.11,121, 23.8,0.6,242
08/07/2019 11:18:00 AM,25.42,25.34,21.25,117, 23.5,1.2,214
08/07/2019 11:33:00 AM,25.42,25.34,21.46,290, 23.3,1.5,223
08/07/2019 11:48:00 AM,25.42,25.34,21.33,248, 23,0.8,215
08/07/2019 12:03:00 PM,25.41,25.35,21.35,153, 23.7,1.4,228
08/07/2019 12:18:00 PM,25.42,25.35,21.42,257, 24,1.2,170
08/07/2019 12:33:00 PM,25.42,25.32,21.37,248, 25,0.6,294
08/07/2019 12:48:00 PM,25.42,25.33,21.51,528, 24.6,0,321
08/07/2019 1:03:00 PM,25.42,25.33,21.59,280, 24.1,0.7,310
08/07/2019 1:18:00 PM,25.42,25.32,21.64,313, 24.4,1.4,303
08/07/2019 1:33:00 PM,25.41,25.32,21.69,263, 25.3,0.9,291
08/07/2019 1:48:00 PM,25.41,25.33,21.73,298, 25.4,0.4,134
08/07/2019 2:03:00 PM,25.42,25.33,21.57,250, 26.6,0.4,0
08/07/2019 2:18:00 PM,25.41,25.33,21.67,516, 26.3,1,347
08/07/2019 2:33:00 PM,25.43,25.34,21.72,561, 27.1,0.7,288
08/07/2019 2:48:00 PM,25.42,25.34,21.69,205, 27.3,0.7,237
08/07/2019 3:03:00 PM,25.42,25.33,21.79,296, 26.1,1.4,226
08/07/2019 3:18:00 PM,25.43,25.32,21.69,275, 26.5,0.4,301
08/07/2019 3:33:00 PM,25.44,25.33,21.77,308, 27.6,0.3,0
08/07/2019 3:48:00 PM,25.44,25.31,21.99,310, 27.7,0.5,259
08/07/2019 4:03:00 PM,25.44,25.29,21.82,256, 27,0.5,344
08/07/2019 4:18:00 PM,25.45,25.29,22.21,117, 26.1,1.9,217
08/07/2019 4:33:00 PM,25.46,25.27,21.96,135, 26.1,1.6,233
08/07/2019 4:48:00 PM,25.49,25.26,22.17,229, 26.1,1.6,216
08/07/2019 5:03:00 PM,25.50,25.30,22.18,147, 26.2,1.1,131
08/07/2019 5:18:00 PM,25.54,25.34,22.12,172, 26,1.3,142
08/07/2019 5:33:00 PM,25.54,25.25,22.34,118, 25.5,2.1,174
08/07/2019 5:48:00 PM,25.56,25.25,22.51,118, 25.2,1.9,200
08/07/2019 6:03:00 PM,25.53,25.32,22.51,46, 25,1,162
08/07/2019 6:18:00 PM,25.52,25.23,22.53,37, 25,2.5,197
08/07/2019 6:33:00 PM,25.51,25.27,22.73,21, 24.7,1.9,154
08/07/2019 6:48:00 PM,25.49,25.31,22.87,12, 24.5,1.6,172
08/07/2019 7:03:00 PM,25.49,25.38,22.62,14, 24.3,0.9,186
08/07/2019 7:18:00 PM,25.47,25.42,22.85,5, 24,1,142
08/07/2019 7:33:00 PM,25.47,25.39,22.95,5, 24.1,0.8,151
08/07/2019 7:48:00 PM,25.47,25.38,22.83,3, 22.9,2.8,102
08/07/2019 8:03:00 PM,25.46,25.38,23.28,5, 22.2,0.7,131
08/07/2019 8:18:00 PM,25.45,25.39,23.32,3, 22.2,0.5,128
08/07/2019 8:33:00 PM,25.45,25.38,23.63,5, 22.2,0.9,186
08/07/2019 8:48:00 PM,25.44,25.37,24.04,3, 22.1,1.2,169
08/07/2019 9:03:00 PM,25.43,25.37,23.90,5, 22.1,1.2,161
08/07/2019 9:18:00 PM,25.42,25.35,24.29,5, 21.8,0.8,143
08/07/2019 9:33:00 PM,25.40,25.35,24.53,5, 21.8,0.6,139
08/07/2019 9:48:00 PM,25.41,25.35,-273.14,3, 21.8,0.5,175
08/07/2019 10:03:00 PM,25.40,25.35,-273.14,5, 21.8,0,0
08/07/2019 10:18:00 PM,25.39,25.34,-273.14,5, 22.2,0,0
08/07/2019 10:33:00 PM,25.39,25.33,-273.14,3, 22.1,0.7,121
08/07/2019 10:48:00 PM,25.39,25.33,-273.14,5, 21.9,0.8,133
08/07/2019 11:03:00 PM,25.38,25.32,-273.14,5, 22,0.5,289
08/07/2019 11:18:00 PM,25.38,25.32,-273.14,3, 22.1,1.1,198
08/07/2019 11:33:00 PM,25.37,25.31,-273.14,5, 22,0.9,217
08/07/2019 11:48:00 PM,25.37,25.31,-273.14,5, 22.2,1.5,224
08/08/2019 12:03:00 AM,25.37,25.31,-273.14,5, 22.1,1.1,210
08/08/2019 12:18:00 AM,25.36,25.30,23.21,5, 22.1,0.6,168
08/08/2019 12:33:00 AM,25.36,25.30,22.99,3, 22.2,1.1,220
08/08/2019 12:48:00 AM,25.34,25.28,22.85,3, 22.4,2,205
08/08/2019 1:03:00 AM,25.33,25.27,22.90,3, 22.2,0.9,222
08/08/2019 1:18:00 AM,25.34,25.28,22.85,5, 22.3,1.3,224
08/08/2019 1:33:00 AM,25.34,25.28,22.21,3, 22.3,1.6,216
08/08/2019 1:48:00 AM,25.32,25.26,22.48,3, 22.1,1.7,212
08/08/2019 2:03:00 AM,25.31,25.26,22.07,3, 22,1,219
08/08/2019 2:18:00 AM,25.32,25.25,21.90,5, 21.9,1,209
08/08/2019 2:33:00 AM,25.31,25.25,22.23,5, 21.8,0.7,179
08/08/2019 2:48:00 AM,25.30,25.25,22.19,3, 21.6,1,208
08/08/2019 3:03:00 AM,25.30,25.24,21.98,3, 21.5,0.9,167
08/08/2019 3:18:00 AM,25.29,25.22,21.85,5, 21.4,1,135
08/08/2019 3:33:00 AM,25.28,25.23,22.46,5, 21.3,0.7,143
08/08/2019 3:48:00 AM,25.28,25.21,22.40,5, 21.3,1.4,191
08/08/2019 4:03:00 AM,25.27,25.21,22.40,5, 21.3,1.3,139
08/08/2019 4:18:00 AM,25.26,25.20,22.03,3, 21.1,0.8,153
08/08/2019 4:33:00 AM,25.25,25.18,22.09,6, 21.1,1.1,117
08/08/2019 4:48:00 AM,25.25,25.19,22.42,5, 20.8,1.1,172
08/08/2019 5:03:00 AM,25.23,25.17,22.21,5, 20.7,1.2,139
08/08/2019 5:18:00 AM,25.22,25.17,22.72,3, 20.7,0.9,111
08/08/2019 5:33:00 AM,25.21,25.16,23.12,3, 20.5,0.5,125
08/08/2019 5:48:00 AM,25.22,25.16,22.65,10, 20.6,1.4,155
