Time,Battery,Air Temperature,Relative Humidity,Rel. Barometric Pressure,Wind Speed,Max Wind Sp,Wind Direction,Wet Bulb Temperature,Precip Type,Rain Intensity,Total Rain,Interval Rain,Solar Rad,Heading,
08/01/2019 00:00,11.9,20.1,93,1008.7,0.3,1.4,0,19.3,0,0,117.4,0,0,322,27.96
08/01/2019 00:15,11.9,20.3,91,1008.8,0.5,1.1,155,19.3,0,0,117.4,0,0,322,27.94
08/01/2019 00:30,11.9,20.3,93,1008.8,0.5,0.7,132,19.5,0,0,117.4,0,0,322,27.88
08/01/2019 00:45,11.9,20.4,90,1008.8,0.3,0.9,244,19.3,0,0,117.4,0,0,322,27.86
08/01/2019 01:00,11.9,20.4,94,1008.7,0,0.5,0,19.7,0,0,117.4,0,0,322,27.85
08/01/2019 01:15,11.9,20.1,93,1008.6,0,0.8,152,19.3,0,0,117.4,0,0,322,27.83
08/01/2019 01:30,11.9,20.2,92,1008.8,0,0.6,0,19.3,0,0,117.4,0,0,322,27.79
08/01/2019 01:45,11.9,20.2,92,1008.9,0,0.5,191,19.3,0,0,117.4,0,0,322,27.79
08/01/2019 02:00,11.9,20.3,92,1008.9,0.6,1.5,142,19.4,0,0,117.4,0,0,322,27.73
08/01/2019 02:15,11.9,20.1,92,1009,0.5,0.7,160,19.2,0,0,117.4,0,0,322,27.67
08/01/2019 02:30,11.9,19.8,92,1009.2,1.6,3,224,18.9,0,0,117.4,0,0,322,27.63
08/01/2019 02:45,11.9,19.8,92,1009.1,0.6,0.9,229,18.9,0,0,117.4,0,0,322,27.6
08/01/2019 03:00,11.9,20,92,1009.3,0.7,1.4,227,19.1,0,0,117.4,0,0,322,27.62
08/01/2019 03:15,11.9,19.9,93,1009.1,0.4,0.5,140,19.2,0,0,117.4,0,0,322,27.57
08/01/2019 03:30,11.9,19.8,94,1009.4,0.8,0.9,232,19.1,0,0,117.4,0,0,322,27.57
08/01/2019 03:45,11.9,20,95,1009.4,0,0.7,0,19.4,0,0,117.4,0,0,322,27.51
08/01/2019 04:00,11.9,19.9,95,1009.1,0.5,0.9,241,19.3,0,0,117.4,0,0,322,27.51
08/01/2019 04:15,11.9,19.9,94,1009.1,0,0.9,0,19.3,0,0,117.4,0,0,322,27.47
08/01/2019 04:30,11.9,19.9,94,1009.1,0.6,1,210,19.3,0,0,117.4,0,0,322,27.46
08/01/2019 04:45,11.9,20,95,1009,0.4,1.2,238,19.5,0,0,117.4,0,0,322,27.45
08/01/2019 05:00,11.9,19.8,96,1009.2,0.7,1.2,225,19.3,0,0,117.4,0,0,322,27.44
08/01/2019 05:15,11.9,19.7,95,1009.4,0.6,1,227,19.1,0,0,117.4,0,1,322,27.42
08/01/2019 05:30,11.9,19.7,96,1009.4,0.7,1.7,208,19.2,0,0,117.4,0,5,322,27.41
08/01/2019 05:45,11.9,19.7,96,1009.5,0.6,0.8,138,19.3,0,0,117.4,0,12,322,27.37
08/01/2019 06:00,11.9,19.8,95,1009.6,0.3,0.9,290,19.2,0,0,117.4,0,21,322,27.34
08/01/2019 06:15,11.9,20,94,1009.7,0.4,0.9,228,19.3,0,0,117.4,0,48,322,27.3
08/01/2019 06:30,11.9,20.4,92,1009.7,0.6,0.9,307,19.5,0,0,117.4,0,47,322,27.29
08/01/2019 06:45,11.9,21,95,1009.6,0,0,0,20.4,0,0,117.4,0,81,322,27.25
08/01/2019 07:00,11.9,21.4,87,1009.6,0.6,0.8,338,19.9,0,0,117.4,0,171,322,27.23
08/01/2019 07:15,11.9,21.7,83,1009.7,1,1.6,301,19.6,0,0,117.4,0,193,322,27.22
08/01/2019 07:30,11.9,22.6,84,1009.9,0,0.9,271,20.7,0,0,117.4,0,250,322,27.23
08/01/2019 07:45,11.9,22.5,79,1010.1,1.2,2,305,19.9,0,0,117.4,0,266,322,27.26
08/01/2019 08:00,11.9,22.8,77,1010.1,1.7,3,321,19.9,0,0,117.4,0,331,322,27.29
08/01/2019 08:15,11.9,23.2,74,1010.3,1,2.4,330,19.9,0,0,117.4,0,366,322,27.31
08/01/2019 08:30,11.9,23.3,74,1010.3,1.9,2.6,315,20,0,0,117.4,0,402,322,27.35
08/01/2019 08:45,11.9,23.2,74,1010.5,2.3,3.3,324,19.9,0,0,117.4,0,444,322,27.37
08/01/2019 09:00,11.9,23.7,72,1010.5,2.4,4,315,20.1,0,0,117.4,0,477,322,27.39
08/01/2019 09:15,11.9,24.2,70,1010.5,2.4,5.1,333,20.2,0,0,117.4,0,512,322,27.41
08/01/2019 09:30,11.9,24.4,71,1010.6,2.4,4.8,315,20.5,0,0,117.4,0,546,322,27.39
08/01/2019 09:45,11.9,24.4,72,1010.6,3,4.2,316,20.7,0,0,117.4,0,585,322,27.42
08/01/2019 10:00,11.9,24.5,73,1010.8,2.7,4.3,318,20.9,0,0,117.4,0,626,322,27.41
08/01/2019 10:15,11.9,25.3,69,1010.9,2.2,4.6,315,21,0,0,117.4,0,721,322,27.43
08/01/2019 10:30,11.9,24.8,71,1011,3.1,5,318,20.9,0,0,117.4,0,249,322,27.43
08/01/2019 10:45,11.9,24.7,69,1010.9,2.6,4.7,312,20.6,0,0,117.4,0,283,322,27.46
08/01/2019 11:00,11.9,24.9,67,1010.9,1.8,4.6,330,20.5,0,0,117.4,0,217,322,27.51
08/01/2019 11:15,11.9,26.3,64,1010.9,0.7,3.4,93,21.2,0,0,117.4,0,861,322,27.55
08/01/2019 11:30,11.9,26.9,59,1010.8,0.7,2.6,25,21,0,0,117.4,0,363,322,27.7
08/01/2019 11:45,11.9,26.9,62,1010.9,1.4,4.9,19,21.4,0,0,117.4,0,847,322,27.62
08/01/2019 12:00,11.9,27.2,57,1010.8,0.9,3.6,0,21,0,0,117.4,0,851,322,27.64
08/01/2019 12:15,11.9,28,55,1011,1.3,3.7,13,21.3,0,0,117.4,0,900,322,27.66
08/01/2019 12:30,11.9,26.7,55,1011,1.5,3.1,2,20.2,0,0,117.4,0,219,322,27.73
08/01/2019 12:45,11.9,27.4,55,1010.9,0.6,2.6,308,20.7,0,0,117.4,0,870,322,27.8
08/01/2019 13:00,11.9,26.7,56,1010.8,1.1,4.2,350,20.4,0,0,117.4,0,952,322,27.88
08/01/2019 13:15,11.9,26.3,56,1011,1.5,3.1,314,19.9,0,0,117.4,0,841,322,27.93
08/01/2019 13:30,11.9,26.9,52,1010.6,2.1,3.5,317,19.8,0,0,117.4,0,795,322,28.02
08/01/2019 13:45,11.9,27.7,52,1010.4,0.8,3.1,9,20.6,0,0,117.4,0,497,322,28
08/01/2019 14:00,11.9,27.3,52,1010.7,0.7,2.1,334,20.1,0,0,117.4,0,249,322,27.99
08/01/2019 14:15,11.9,27.6,50,1010.6,1.4,2.2,310,20,0,0,117.4,0,809,322,28.07
08/01/2019 14:30,11.9,26.8,50,1010.6,2.2,3.7,323,19.4,0,0,117.4,0,365,322,28.09
08/01/2019 14:45,11.9,27.1,51,1010.5,1.2,2.9,305,19.8,0,0,117.4,0,186,322,28.16
08/01/2019 15:00,11.9,28.3,46,1010.4,1.3,2.1,300,19.9,0,0,117.4,0,183,322,28.28
08/01/2019 15:15,11.9,27.4,48,1010.5,1.4,3.7,312,19.5,0,0,117.4,0,758,322,28.25
08/01/2019 15:30,11.9,29.3,46,1010.3,0.4,1.3,327,20.8,0,0,117.4,0,657,322,28.22
08/01/2019 15:45,11.9,28.5,40,1010.3,1.8,3.7,324,19,0,0,117.4,0,645,322,28.27
08/01/2019 16:00,11.9,28.9,42,1010.4,2.1,3.8,306,19.7,0,0,117.4,0,635,322,28.37
08/01/2019 16:15,11.9,29.1,39,1010.3,1.2,3.4,302,19.3,0,0,117.4,0,550,322,28.35
08/01/2019 16:30,11.9,28,44,1010.3,2.8,6,311,19.3,0,0,117.4,0,508,322,28.43
08/01/2019 16:45,11.9,28,42,1010.3,2.6,4.8,308,18.9,0,0,117.4,0,479,322,28.48
08/01/2019 17:00,11.9,27.6,46,1010.3,1.4,3.1,302,19.3,0,0,117.4,0,125,322,28.43
08/01/2019 17:15,11.9,27.2,46,1010.3,2.3,4.6,310,18.9,0,0,117.4,0,117,322,28.43
08/01/2019 17:30,11.9,27.6,46,1010.3,1.5,3,310,19.3,0,0,117.4,0,364,322,28.44
08/01/2019 17:45,11.9,27.8,45,1010.3,1.9,3.1,312,19.2,0,0,117.4,0,312,322,28.42
08/01/2019 18:00,11.9,27.6,47,1010.3,0.9,1.9,319,19.5,0,0,117.4,0,288,322,28.43
08/01/2019 18:15,11.9,27.5,46,1010.4,1,1.9,308,19.3,0,0,117.4,0,127,322,28.43
08/01/2019 18:30,11.9,28.4,49,1010.3,0,1.6,0,20.6,0,0,117.4,0,207,323,28.43
08/01/2019 18:45,11.9,27.1,50,1010.4,1.1,2.1,306,19.7,0,0,117.4,0,157,323,28.37
08/01/2019 19:00,11.9,27.2,56,1010.5,0,0.5,0,20.8,0,0,117.4,0,127,322,28.35
08/01/2019 19:15,11.9,26.3,57,1010.7,1.6,2.9,309,20,0,0,117.4,0,94,322,28.33
08/01/2019 19:30,11.9,25,63,1010.8,1.3,2.3,311,20,0,0,117.4,0,60,322,28.3
08/01/2019 19:45,11.9,24.7,61,1011,1.6,3.2,312,19.4,0,0,117.4,0,19,322,28.27
08/01/2019 20:00,11.9,23.6,66,1011.1,1.5,2.9,310,19.1,0,0,117.4,0,7,322,28.22
08/01/2019 20:15,11.9,22.9,67,1011.2,1.2,2.5,312,18.8,0,0,117.4,0,1,322,28.19
08/01/2019 20:30,11.9,22.6,64,1011.4,1.1,1.9,321,18,0,0,117.4,0,0,322,28.15
08/01/2019 20:45,11.9,22.3,62,1011.6,1.5,2.6,317,17.4,0,0,117.4,0,0,322,28.11
08/01/2019 21:00,11.9,22.1,62,1011.8,1.2,2.1,307,17.2,0,0,117.4,0,0,322,28.06
08/01/2019 21:15,11.9,21.9,58,1011.8,1.3,2.1,314,16.6,0,0,117.4,0,0,322,27.99
08/01/2019 21:30,11.9,21.7,57,1012.1,1,2.1,314,16.2,0,0,117.4,0,0,322,27.96
08/01/2019 21:45,11.9,21.7,54,1012.2,0.7,1.5,318,15.9,0,0,117.4,0,0,322,27.92
08/01/2019 22:00,11.9,21.8,52,1012.2,0.8,1.5,309,15.6,0,0,117.4,0,0,322,27.87
08/01/2019 22:15,11.9,21.7,51,1012.3,0.9,1.6,315,15.4,0,0,117.4,0,0,322,27.8
08/01/2019 22:30,11.9,20.9,60,1012.4,0,0.6,0,16,0,0,117.4,0,0,322,27.79
08/01/2019 22:45,11.9,20.3,62,1012.4,0.5,1.2,77,15.6,0,0,117.4,0,0,322,27.72
08/01/2019 23:00,11.9,19.8,63,1012.5,0.4,0.7,105,15.4,0,0,117.4,0,0,322,27.67
08/01/2019 23:15,11.9,19.4,61,1012.6,0,0.4,0,14.8,0,0,117.4,0,0,322,27.61
08/01/2019 23:30,11.9,19.5,65,1012.6,0,0.7,88,15.4,0,0,117.4,0,0,322,27.6
08/01/2019 23:45,11.9,19,65,1012.7,0.7,1.2,93,14.9,0,0,117.4,0,0,322,27.55
08/02/2019 00:00,11.9,19.7,59,1012.7,0.3,1.1,0,14.7,0,0,117.4,0,0,322,27.56
08/02/2019 00:15,11.9,19.5,60,1012.8,0,0.6,0,14.7,0,0,117.4,0,0,322,27.51
08/02/2019 00:30,11.9,19,65,1012.8,0.5,0.7,102,14.9,0,0,117.4,0,0,322,27.46
08/02/2019 00:45,11.9,18.8,66,1012.8,0,0.8,0,14.9,0,0,117.4,0,0,322,27.42
08/02/2019 01:00,11.9,18.7,70,1012.7,0,0.6,0,15.3,0,0,117.4,0,0,322,27.41
08/02/2019 01:15,11.9,18.6,71,1012.6,0,0.7,0,15.3,0,0,117.4,0,0,322,27.37
08/02/2019 01:30,11.9,18.4,72,1012.6,0,0.6,0,15.2,0,0,117.4,0,0,322,27.35
08/02/2019 01:45,11.9,18.1,77,1012.5,0,0.5,0,15.7,0,0,117.4,0,0,322,27.31
08/02/2019 02:00,11.9,18,75,1012.5,0,0.5,0,15.2,0,0,117.4,0,0,322,27.28
08/02/2019 02:15,11.9,17.7,76,1012.5,1.1,2.3,238,15.1,0,0,117.4,0,0,322,27.23
08/02/2019 02:30,11.9,17.7,70,1012.5,0,0.7,0,14.3,0,0,117.4,0,0,322,27.22
08/02/2019 02:45,11.9,17.7,73,1012.4,0,0.5,0,14.8,0,0,117.4,0,0,322,27.2
08/02/2019 03:00,11.9,17.3,79,1012.5,0.7,1,246,15.1,0,0,117.4,0,0,322,27.13
08/02/2019 03:15,11.9,17.2,75,1012.6,0.5,1.3,226,14.4,0,0,117.4,0,0,322,27.11
08/02/2019 03:30,11.9,17,77,1012.7,0.5,1.5,236,14.5,0,0,117.4,0,0,322,27.09
08/02/2019 03:45,11.9,16.6,81,1012.6,0,0.5,0,14.6,0,0,117.4,0,0,322,27.03
08/02/2019 04:00,11.9,16.7,78,1012.6,0.3,0.8,0,14.4,0,0,117.4,0,0,322,26.96
08/02/2019 04:15,11.9,17,75,1012.7,0.5,0.9,226,14.3,0,0,117.4,0,0,322,26.9
08/02/2019 04:30,11.9,17,76,1012.7,0,0.6,0,14.4,0,0,117.4,0,0,322,26.86
08/02/2019 04:45,11.9,16.8,77,1012.9,0.4,1.2,0,14.4,0,0,117.4,0,0,322,26.8
08/02/2019 05:00,11.9,16.7,78,1012.9,0,0.7,0,14.4,0,0,117.4,0,0,322,26.83
08/02/2019 05:15,11.9,16.8,80,1013,0.6,1.1,109,14.7,0,0,117.4,0,1,322,26.81
08/02/2019 05:30,11.9,16.8,75,1013.1,0.4,1.1,150,14.2,0,0,117.4,0,5,322,26.79
08/02/2019 05:45,11.9,16.8,76,1013.2,0.5,1.2,151,14.2,0,0,117.4,0,15,322,26.72
08/02/2019 06:00,11.9,16.8,75,1013.2,0.4,0.8,0,14.1,0,0,117.4,0,26,322,26.69
08/02/2019 06:15,11.9,16.9,72,1013.3,0.6,1.7,243,13.9,0,0,117.4,0,39,322,26.68
08/02/2019 06:30,11.9,17.4,71,1013.3,0,0.6,213,14.2,0,0,117.4,0,50,322,26.64
08/02/2019 06:45,11.9,17.6,71,1013.3,1.1,1.6,220,14.3,0,0,117.4,0,79,322,26.64
08/02/2019 07:00,11.9,17.8,72,1013.4,0.9,2.2,221,14.7,0,0,117.4,0,164,322,26.61
08/02/2019 07:15,11.9,18.7,69,1013.5,0.5,1.7,223,15.2,0,0,117.4,0,213,322,26.6
08/02/2019 07:30,11.9,20.6,62,1013.6,0.6,1.2,230,16,0,0,117.4,0,251,322,26.63
08/02/2019 07:45,11.9,21,62,1013.5,0.5,0.9,214,16.4,0,0,117.4,0,292,322,26.62
08/02/2019 08:00,11.9,20.7,62,1013.7,1.1,1.6,227,16.1,0,0,117.4,0,328,322,26.63
08/02/2019 08:15,11.9,24.7,50,1013.3,0.5,0.9,238,17.6,0,0,117.4,0,366,322,26.64
08/02/2019 08:30,11.9,27,46,1013.4,0.5,1.1,249,18.8,0,0,117.4,0,400,322,26.69
08/02/2019 08:45,11.9,26.9,43,1013.4,0.5,1.1,247,18.2,0,0,117.4,0,438,322,26.73
08/02/2019 09:00,11.9,27.5,42,1013.3,0.4,0.9,240,18.7,0,0,117.4,0,477,322,26.78
08/02/2019 09:15,11.9,28,41,1013.4,0.6,1.2,265,18.8,0,0,117.4,0,510,322,26.84
08/02/2019 09:30,11.9,28.6,40,1013.2,0.5,1.3,248,19.1,0,0,117.4,0,545,322,26.89
08/02/2019 09:45,11.9,29.3,38,1013.3,0.4,1.2,235,19.1,0,0,117.4,0,579,322,26.82
08/02/2019 10:00,11.9,29.5,38,1013.3,0.4,1.4,258,19.3,0,0,117.4,0,609,322,26.89
08/02/2019 10:15,11.9,29.8,38,1013.2,0.5,1.5,233,19.5,0,0,117.4,0,641,322,26.9
08/02/2019 10:30,11.9,29.1,38,1013.4,0.6,1.2,255,19.1,0,0,117.4,0,667,322,26.93
08/02/2019 10:45,11.9,29.3,38,1013.4,0.6,1.1,255,19.2,0,0,117.4,0,691,322,27.02
08/02/2019 11:00,11.9,30.5,36,1013.4,0.6,1.7,226,19.8,0,0,117.4,0,714,322,27.03
08/02/2019 11:15,11.9,29.9,39,1013.2,0.5,1.1,243,19.9,0,0,117.4,0,732,322,27.05
08/02/2019 11:30,11.9,30.7,36,1013.2,0.9,1.6,222,19.8,0,0,117.4,0,752,322,27.12
08/02/2019 11:45,11.9,29.9,35,1012.9,0.4,1.1,269,19,0,0,117.4,0,764,322,27.17
08/02/2019 12:00,11.9,28.9,38,1012.7,0.8,1.8,193,18.8,0,0,117.4,0,802,322,27.23
08/02/2019 12:15,11.9,29.9,37,1012.7,1.1,2.1,295,19.3,0,0,117.4,0,707,322,27.28
08/02/2019 12:30,11.9,29.8,33,1012.4,1.1,2.7,252,18.5,0,0,117.4,0,843,322,27.29
08/02/2019 12:45,11.9,28,35,1012.5,1.6,2.7,305,17.6,0,0,117.4,0,852,322,27.34
08/02/2019 13:00,11.9,28.9,34,1012.2,1.3,2.5,302,18.1,0,0,117.4,0,845,322,27.39
08/02/2019 13:15,11.9,29.2,35,1012.2,0.6,1.9,242,18.5,0,0,117.4,0,911,322,27.28
08/02/2019 13:30,11.9,31,36,1012.1,0.8,1.9,260,20,0,0,117.4,0,837,322,27.51
08/02/2019 13:45,11.9,30.4,37,1011.9,0.8,3.1,289,19.9,0,0,117.4,0,375,322,27.45
08/02/2019 14:00,11.9,29.3,34,1011.7,1.9,2.9,311,18.3,0,0,117.4,0,781,322,27.53
08/02/2019 14:15,11.9,29.9,34,1011.7,1.2,3.3,300,18.8,0,0,117.4,0,751,322,27.61
08/02/2019 14:30,11.9,29.9,32,1011.6,1.4,3.4,296,18.4,0,0,117.4,0,740,322,27.66
08/02/2019 14:45,11.9,29.1,36,1011.4,1.8,3.6,307,18.6,0,0,117.4,0,707,322,27.63
08/02/2019 15:00,11.9,29,36,1011.3,1,2.7,296,18.5,0,0,117.4,0,684,322,27.72
08/02/2019 15:15,11.9,30.2,35,1011.3,1.4,4.6,270,19.2,0,0,117.4,0,679,322,27.82
08/02/2019 15:30,11.9,30,35,1011.2,0.9,2.5,303,19.1,0,0,117.4,0,633,322,27.96
08/02/2019 15:45,11.9,29.3,34,1011.2,2,3.5,304,18.5,0,0,117.4,0,622,322,27.96
08/02/2019 16:00,11.9,30.5,34,1011.1,0.6,1.1,279,19.2,0,0,117.4,0,562,322,27.97
08/02/2019 16:15,11.9,31.1,33,1011,0.9,2.4,301,19.3,0,0,117.4,0,528,323,28.06
08/02/2019 16:30,11.9,30.9,34,1011,0.7,1.6,290,19.5,0,0,117.4,0,493,323,28.22
08/02/2019 16:45,11.9,30.2,37,1011,1.1,2.6,307,19.7,0,0,117.4,0,458,323,28.23
08/02/2019 17:00,11.9,30.9,35,1011,1.3,2.8,309,19.8,0,0,117.4,0,408,323,28.19
08/02/2019 17:15,11.9,29.7,41,1011.1,0.8,1.8,329,20,0,0,117.4,0,377,323,28.26
08/02/2019 17:30,11.9,30,39,1011,0.8,2.3,334,20,0,0,117.4,0,340,323,28.19
08/02/2019 17:45,11.9,30.2,39,1010.9,0.7,1.9,313,20.1,0,0,117.4,0,305,323,28.19
08/02/2019 18:00,11.9,30.4,39,1010.9,0.4,1.6,0,20.3,0,0,117.4,0,266,323,28.07
08/02/2019 18:15,11.9,30.3,38,1010.9,0.5,2.2,302,19.9,0,0,117.4,0,228,323,28.12
08/02/2019 18:30,11.9,30.5,38,1010.9,0.7,2,293,20.2,0,0,117.4,0,188,323,28.12
08/02/2019 18:45,11.9,29.8,41,1011,0.4,1.3,314,20.1,0,0,117.4,0,150,323,28.13
08/02/2019 19:00,11.9,29.9,41,1011,0.4,0.9,266,20.2,0,0,117.4,0,104,323,28.17
08/02/2019 19:15,11.9,28.9,43,1011,0.4,1,266,19.9,0,0,117.4,0,80,323,28.18
08/02/2019 19:30,11.9,28.1,54,1011.1,0,1.1,0,21.2,0,0,117.4,0,49,323,28.15
08/02/2019 19:45,11.9,27.1,53,1011.1,0.4,1,0,20.2,0,0,117.4,0,18,323,28.09
08/02/2019 20:00,11.9,26,53,1011.2,0.6,1.5,281,19.2,0,0,117.4,0,5,322,28.03
08/02/2019 20:15,11.9,25.4,55,1011.1,0,0.9,0,19.1,0,0,117.4,0,1,322,27.97
08/02/2019 20:30,11.9,24.3,60,1011.3,0.3,0.8,124,18.9,0,0,117.4,0,0,322,27.93
08/02/2019 20:45,11.9,23.2,68,1011.4,0,0.5,0,19.1,0,0,117.4,0,0,322,27.87
08/02/2019 21:00,11.9,22.9,64,1011.4,0.9,2,206,18.3,0,0,117.4,0,0,322,27.86
08/02/2019 21:15,11.9,22.9,66,1011.5,1.2,1.8,222,18.5,0,0,117.4,0,0,322,27.82
08/02/2019 21:30,11.9,22.2,69,1011.6,0.6,1.6,237,18.4,0,0,117.4,0,0,322,27.78
08/02/2019 21:45,11.9,21.9,68,1011.7,1.5,3,221,17.9,0,0,117.4,0,0,322,27.72
08/02/2019 22:00,11.9,21.7,70,1011.4,0.8,1.5,215,18,0,0,117.4,0,0,322,27.67
08/02/2019 22:15,11.9,21.6,73,1011.5,0.3,1.4,243,18.3,0,0,117.4,0,0,322,27.61
08/02/2019 22:30,11.9,21.4,75,1011.5,0.8,1.7,232,18.5,0,0,117.4,0,0,322,27.57
08/02/2019 22:45,11.9,21.3,76,1011.4,0.8,1.4,229,18.4,0,0,117.4,0,0,322,27.55
08/02/2019 23:00,11.9,21.3,75,1011.5,1.5,2.7,220,18.3,0,0,117.4,0,0,322,27.5
08/02/2019 23:15,11.9,21.3,75,1011.6,0.9,1.8,230,18.3,0,0,117.4,0,0,322,27.47
08/02/2019 23:30,11.9,21,75,1011.5,0.5,1.1,205,18,0,0,117.4,0,0,322,27.42
08/02/2019 23:45,11.9,21,76,1011.4,1,1.7,225,18.1,0,0,117.4,0,0,322,27.36
08/03/2019 00:00,11.9,20.9,77,1011.3,1.9,2.6,222,18.1,0,0,117.4,0,0,322,27.35
08/03/2019 00:15,11.9,20.4,85,1011.2,1.6,2.8,221,18.7,0,0,117.4,0,0,322,27.24
08/03/2019 00:30,11.9,20.3,80,1011.2,0.9,1.6,226,18,0,0,117.4,0,0,322,27.24
08/03/2019 00:45,11.9,20.2,82,1011,1.5,2.1,224,18.1,0,0,117.4,0,0,322,27.22
08/03/2019 01:00,11.9,20.1,81,1011,1.7,2.8,222,17.9,0,0,117.4,0,0,322,27.19
08/03/2019 01:15,11.9,19.7,80,1011.1,1.4,2.4,216,17.4,0,0,117.4,0,0,322,27.14
08/03/2019 01:30,11.9,19.5,81,1011,0.9,1.7,214,17.4,0,0,117.4,0,0,322,27.11
08/03/2019 01:45,11.9,19.3,83,1010.8,1.3,3.1,213,17.5,0,0,117.4,0,0,322,27.1
08/03/2019 02:00,11.9,19.3,84,1011,1.3,2.7,212,17.4,0,0,117.4,0,0,322,27.06
08/03/2019 02:15,11.9,19.2,85,1010.8,1.1,2.1,231,17.5,0,0,117.4,0,0,322,27.05
08/03/2019 02:30,11.9,19.2,84,1010.8,1.1,2.4,203,17.4,0,0,117.4,0,0,322,27.01
08/03/2019 02:45,11.9,19.1,85,1010.8,1.2,2.5,227,17.4,0,0,117.4,0,0,322,26.95
08/03/2019 03:00,11.9,18.9,86,1010.8,0.9,2.4,240,17.4,0,0,117.4,0,0,322,26.9
08/03/2019 03:15,11.9,18.9,86,1010.6,1.1,1.8,222,17.4,0,0,117.4,0,0,322,26.89
08/03/2019 03:30,11.9,19.3,86,1010.4,0.3,0.8,0,17.7,0,0,117.4,0,0,322,26.87
08/03/2019 03:45,11.9,19,82,1010.4,1,1.8,231,17,0,0,117.4,0,0,322,26.85
08/03/2019 04:00,11.9,18.8,84,1010.3,0.9,1.3,212,17,0,0,117.4,0,0,322,26.78
08/03/2019 04:15,11.9,18.5,84,1010.3,0.8,1.7,230,16.7,0,0,117.4,0,0,322,26.81
08/03/2019 04:30,11.9,18.3,86,1010.2,0.8,1.4,230,16.7,0,0,117.4,0,0,322,26.74
08/03/2019 04:45,11.9,18.2,85,1010.2,1.2,2.1,214,16.6,0,0,117.4,0,0,322,26.7
08/03/2019 05:00,11.9,18.3,84,1010.1,1.3,2.5,230,16.6,0,0,117.4,0,0,322,26.68
08/03/2019 05:15,11.9,18.2,85,1010.1,1.2,2.2,227,16.6,0,0,117.4,0,0,322,26.57
08/03/2019 05:30,11.9,18,87,1010.1,0,1,148,16.6,0,0,117.4,0,4,322,26.59
08/03/2019 05:45,11.9,18,87,1010.1,0.5,0.8,199,16.6,0,0,117.4,0,14,322,26.51
08/03/2019 06:00,11.9,17.9,88,1010.1,0.6,1,217,16.6,0,0,117.4,0,23,322,26.5
08/03/2019 06:15,11.9,18.1,89,1010.1,0,0.7,0,16.8,0,0,117.4,0,37,322,26.51
08/03/2019 06:30,11.9,18.4,88,1010,0,0.5,0,17.1,0,0,117.4,0,53,322,26.48
08/03/2019 06:45,11.9,18.9,85,1010,0,0.4,0,17.3,0,0,117.4,0,87,322,26.47
08/03/2019 07:00,11.9,19.8,85,1010,0,0.4,0,18.1,0,0,117.4,0,151,322,26.47
08/03/2019 07:15,11.9,20.9,78,1010,0.4,0.8,347,18.3,0,0,117.4,0,153,322,26.49
08/03/2019 07:30,11.9,20.4,81,1009.9,0,0.6,348,18.2,0,0,117.4,0,210,322,26.52
08/03/2019 07:45,11.9,22.2,75,1009.7,0.5,0.8,107,19.1,0,0,117.4,0,257,322,26.52
08/03/2019 08:00,11.9,24.4,67,1009.6,0.4,1.2,116,19.9,0,0,117.4,0,299,322,26.52
08/03/2019 08:15,11.9,23.7,69,1009.5,0.4,1,107,19.6,0,0,117.4,0,357,322,26.54
08/03/2019 08:30,11.9,24.9,59,1009.4,0.7,2.2,263,19.3,0,0,117.4,0,417,322,26.56
08/03/2019 08:45,11.9,23.6,64,1009.3,1.2,2.5,229,18.9,0,0,117.4,0,451,322,26.6
08/03/2019 09:00,11.9,24,61,1009.3,0.7,2.1,230,18.8,0,0,117.4,0,411,322,26.65
08/03/2019 09:15,11.9,23.7,61,1009.2,1.5,2.4,223,18.6,0,0,117.4,0,398,322,26.7
08/03/2019 09:30,11.9,23.5,64,1009.1,1.2,2.9,219,18.8,0,0,117.4,0,492,322,26.68
08/03/2019 09:45,11.9,24.1,63,1008.8,1.2,2.5,217,19.2,0,0,117.4,0,539,322,26.68
08/03/2019 10:00,11.9,24.7,61,1008.8,0.6,2,240,19.4,0,0,117.4,0,595,322,26.71
08/03/2019 10:15,11.9,26,55,1008.6,1.1,2.7,224,19.6,0,0,117.4,0,661,322,26.72
08/03/2019 10:30,11.9,27.3,51,1008.7,0.9,2.4,255,20,0,0,117.4,0,664,322,26.8
08/03/2019 10:45,11.9,27.4,49,1008.5,1.2,2.8,237,19.7,0,0,117.4,0,721,322,26.85
08/03/2019 11:00,11.9,28.5,47,1008.3,1,1.9,209,20.4,0,0,117.4,0,716,322,26.89
08/03/2019 11:15,11.9,28.3,46,1007.9,0.9,2.9,232,19.9,0,0,117.4,0,738,322,26.92
08/03/2019 11:30,11.9,29.2,43,1007.8,1.5,3.7,232,19.8,0,0,117.4,0,765,322,26.96
08/03/2019 11:45,11.9,28,47,1007.6,1.4,3.5,221,19.8,0,0,117.4,0,775,322,27.06
08/03/2019 12:00,11.9,29.1,43,1007.5,1.7,3.2,223,19.9,0,0,117.4,0,778,322,27.05
08/03/2019 12:15,11.9,29.3,44,1007.4,0.7,2.2,235,20.3,0,0,117.4,0,801,322,27.11
08/03/2019 12:30,11.9,29.1,44,1007,0.9,2,245,20.2,0,0,117.4,0,714,322,27.05
08/03/2019 12:45,11.9,29.3,43,1007,1.3,4.4,266,20.1,0,0,117.4,0,789,322,27.17
08/03/2019 13:00,11.9,28.3,46,1006.9,1.8,3.8,221,19.9,0,0,117.4,0,784,322,27.25
08/03/2019 13:15,11.9,29,44,1006.6,1.1,3.5,226,20.2,0,0,117.4,0,799,322,27.29
08/03/2019 13:30,11.9,29.1,42,1006.4,1.4,3.7,233,19.8,0,0,117.4,0,809,322,27.28
08/03/2019 13:45,11.9,29.1,44,1006.1,0.9,2.3,279,20.2,0,0,117.4,0,774,322,27.44
08/03/2019 14:00,11.9,29.5,39,1005.6,3.3,5.6,225,19.5,0,0,117.4,0,767,322,27.48
08/03/2019 14:15,11.9,29.8,38,1005.4,2.3,3.4,233,19.5,0,0,117.4,0,788,322,27.57
08/03/2019 14:30,11.9,28.9,41,1005.4,3.1,6.2,220,19.4,0,0,117.4,0,742,322,27.57
08/03/2019 14:45,11.9,29.4,43,1005.1,1.5,4.7,218,20.3,0,0,117.4,0,674,322,27.65
08/03/2019 15:00,11.9,29.8,42,1005.1,2.4,4.9,237,20.3,0,0,117.4,0,524,323,27.71
08/03/2019 15:15,11.9,29.5,48,1004.9,1,3.5,316,21.1,0,0,117.4,0,549,323,27.78
08/03/2019 15:30,11.9,31.2,40,1004.7,0.7,3,313,21,0,0,117.4,0,676,323,27.76
08/03/2019 15:45,11.9,31.1,39,1004.7,1.3,3.1,260,20.7,0,0,117.4,0,634,323,27.84
08/03/2019 16:00,11.9,31,40,1004.5,0.6,2.4,272,21,0,0,117.4,0,574,323,27.97
08/03/2019 16:15,11.9,30.8,41,1004.4,1.3,4.3,311,21.2,0,0,117.4,0,543,323,28.18
08/03/2019 16:30,11.9,30.1,44,1004.4,1.2,2.2,308,20.9,0,0,117.4,0,544,323,28.15
08/03/2019 16:45,11.9,29.5,44,1004.4,1.2,3.6,308,20.6,0,0,117.4,0,458,323,28.07
08/03/2019 17:00,11.9,29.7,42,1004.2,1.3,2.2,312,20.2,0,0,117.4,0,415,323,28.14
08/03/2019 17:15,11.9,29.8,39,1004.1,2.1,4.8,307,19.8,0,0,117.4,0,372,322,28.03
08/03/2019 17:30,11.9,29.7,38,1004,1.7,2.6,312,19.6,0,0,117.4,0,335,323,28.11
08/03/2019 17:45,11.9,29.7,38,1003.9,1.4,3.1,316,19.4,0,0,117.4,0,298,323,28.09
08/03/2019 18:00,11.9,29.7,37,1004,1.4,2.3,316,19.3,0,0,117.4,0,265,323,28.01
08/03/2019 18:15,11.9,29.7,40,1003.8,1.2,2.3,310,20,0,0,117.4,0,226,323,28
08/03/2019 18:30,11.9,29.7,40,1003.8,0.8,1.5,326,19.9,0,0,117.4,0,187,323,27.98
08/03/2019 18:45,11.9,30.1,40,1004,0.6,1.6,307,20.1,0,0,117.4,0,122,323,27.93
08/03/2019 19:00,11.9,29,45,1004.1,0.8,2.1,309,20.2,0,0,117.4,0,118,323,27.9
08/03/2019 19:15,11.9,28.6,47,1004.1,0.8,1.5,311,20.3,0,0,117.4,0,82,323,27.92
08/03/2019 19:30,11.9,28,51,1004.2,0.3,1,297,20.5,0,0,117.4,0,47,323,27.89
08/03/2019 19:45,11.9,27.5,52,1004.2,0,0.6,0,20.2,0,0,117.4,0,16,323,27.88
08/03/2019 20:00,11.9,25.7,59,1004.2,0.4,0.9,0,19.9,0,0,117.4,0,5,322,27.8
08/03/2019 20:15,11.9,24.3,63,1004.4,0.3,0.7,0,19.3,0,0,117.4,0,1,322,27.77
08/03/2019 20:30,11.9,23.8,65,1004.6,0,1.1,0,19.1,0,0,117.4,0,0,322,27.76
08/03/2019 20:45,11.9,23.6,65,1004.9,0,0.6,0,19.1,0,0,117.4,0,0,322,27.7
08/03/2019 21:00,11.9,24.4,60,1004.7,0.7,1.9,306,19,0,0,117.4,0,0,322,27.7
08/03/2019 21:15,11.9,25.2,59,1004.7,0.8,1.8,307,19.5,0,0,117.4,0,0,322,27.69
08/03/2019 21:30,11.9,24.4,62,1004.5,0,0.7,0,19.2,0,0,117.4,0,0,322,27.61
08/03/2019 21:45,11.9,24.3,67,1004.6,0,1.5,0,19.8,0,0,117.4,0,0,322,27.57
08/03/2019 22:00,11.9,23.7,64,1004.5,0,0.8,0,19,0,0,117.4,0,0,322,27.57
08/03/2019 22:15,11.9,24,64,1004.5,0.5,0.8,118,19.1,0,0,117.4,0,0,322,27.55
08/03/2019 22:30,11.9,24,62,1004.4,0.8,1.5,225,18.9,0,0,117.4,0,0,322,27.53
08/03/2019 22:45,11.9,23.8,69,1004.4,0,0.7,0,19.7,0,0,117.4,0,0,322,27.53
08/03/2019 23:00,11.9,23.9,57,1004.5,2,4.6,350,18,0,0,117.4,0,0,322,27.44
08/03/2019 23:15,11.9,23.6,59,1004.6,1,2.4,10,18.1,0,0,117.4,0,0,322,27.41
08/03/2019 23:30,11.9,23.3,61,1004.6,0.7,1.1,177,18.2,0,0,117.4,0,0,322,27.38
08/03/2019 23:45,11.9,23.1,63,1004.6,0.3,0.9,0,18.3,0,0,117.4,0,0,322,27.34
08/04/2019 00:00,11.9,23.1,65,1004.8,0.5,1.5,94,18.5,0,0,117.4,0,0,322,27.31
08/04/2019 00:15,11.9,22.5,65,1004.7,0,1,0,18,0,0,117.4,0,0,322,27.3
08/04/2019 00:30,11.9,22.5,65,1005,0.6,0.9,342,18,0,0,117.4,0,0,322,27.27
08/04/2019 00:45,11.9,22.4,66,1005.1,0,0.7,236,18.1,0,0,117.4,0,0,322,27.22
08/04/2019 01:00,11.9,22.5,68,1005.1,0,0.4,0,18.5,0,0,117.4,0,0,322,27.24
08/04/2019 01:15,11.9,22.6,69,1005,0,0.4,0,18.7,0,0,117.4,0,0,322,27.21
08/04/2019 01:30,11.9,22.3,70,1005,0.6,1.1,227,18.5,0,0,117.4,0,0,322,27.2
08/04/2019 01:45,11.9,22.2,72,1005,0.7,1.1,175,18.7,0,0,117.4,0,0,322,27.15
08/04/2019 02:00,11.9,21.6,73,1004.9,1.2,1.4,222,18.3,0,0,117.4,0,0,322,27.14
08/04/2019 02:15,11.9,21.5,73,1005,0,0.7,0,18.2,0,0,117.4,0,0,322,27.13
08/04/2019 02:30,11.9,21.7,75,1005.1,0,0.5,0,18.6,0,0,117.4,0,0,322,27.06
08/04/2019 02:45,11.9,21.9,76,1005,0.6,0.9,309,18.9,0,0,117.4,0,0,322,27.08
08/04/2019 03:00,11.9,22,75,1004.9,0,0.6,0,18.9,0,0,117.4,0,0,322,27.07
08/04/2019 03:15,11.9,21.8,75,1004.9,0.4,0.8,107,18.7,0,0,117.4,0,0,322,27.05
08/04/2019 03:30,11.9,21.8,73,1005,0,0.5,0,18.4,0,0,117.4,0,0,322,26.97
08/04/2019 03:45,11.9,21.4,74,1005,0.5,1.6,350,18.2,0,0,117.4,0,0,322,26.97
08/04/2019 04:00,11.9,21.1,75,1005.1,0.5,1.4,5,18,0,0,117.4,0,0,322,26.95
08/04/2019 04:15,11.9,21.1,76,1005,0,0.5,0,18.2,0,0,117.4,0,0,322,26.91
08/04/2019 04:30,11.9,20.9,75,1005.1,0.3,1.5,12,17.9,0,0,117.4,0,0,322,26.88
08/04/2019 04:45,11.9,20.8,70,1005.1,1.4,3.1,352,17.2,0,0,117.4,0,0,322,26.86
08/04/2019 05:00,11.9,20.8,70,1005.2,1.3,2.8,356,17.2,0,0,117.4,0,0,322,26.83
08/04/2019 05:15,11.9,20.5,71,1005.2,1.5,3.1,6,17.1,0,0,117.4,0,0,322,26.77
08/04/2019 05:30,11.9,20.1,74,1005.2,1.6,2.8,347,17,0,0,117.4,0,2,322,26.76
08/04/2019 05:45,11.9,19.7,76,1005.2,0.8,2.1,350,16.9,0,0,117.4,0,11,322,26.73
08/04/2019 06:00,11.9,19.4,78,1005.3,1.4,2.9,342,16.8,0,0,117.4,0,24,322,26.71
08/04/2019 06:15,11.9,19.2,79,1005.3,1.2,2.7,356,16.8,0,0,117.4,0,40,322,26.7
08/04/2019 06:30,11.9,19.3,80,1005.4,1.3,2.1,345,17,0,0,117.4,0,55,322,26.65
08/04/2019 06:45,11.9,19.3,79,1005.4,1.2,2.3,7,17,0,0,117.4,0,67,322,26.65
08/04/2019 07:00,11.9,19.6,79,1005.5,1.2,2.9,0,17.1,0,0,117.4,0,108,322,26.61
08/04/2019 07:15,11.9,20.2,78,1005.6,1.1,1.7,6,17.6,0,0,117.4,0,207,322,26.62
08/04/2019 07:30,11.9,20.7,75,1005.6,1.5,3.2,312,17.7,0,0,117.4,0,241,322,26.61
08/04/2019 07:45,11.9,22.2,67,1005.7,0.5,2,0,18,0,0,117.4,0,283,322,26.65
08/04/2019 08:00,11.9,23.6,60,1005.8,2,4.4,0,18.2,0,0,117.4,0,335,322,26.69
08/04/2019 08:15,11.9,22.6,65,1005.9,0.4,2.5,0,18.1,0,0,117.4,0,313,322,26.7
08/04/2019 08:30,11.9,21.5,69,1006,0.9,3.7,333,17.6,0,0,117.4,0,404,322,26.71
08/04/2019 08:45,11.9,23.6,60,1006,0.7,1.2,274,18.3,0,0,117.4,0,430,322,26.73
08/04/2019 09:00,11.9,25,55,1006,0.6,0.9,221,18.7,0,0,117.4,0,448,322,26.79
08/04/2019 09:15,11.9,24.7,56,1006,0.5,1.5,347,18.6,0,0,117.4,0,410,322,26.79
08/04/2019 09:30,11.9,24.4,56,1006,1,2.1,349,18.4,0,0,117.4,0,555,322,26.84
08/04/2019 09:45,11.9,26.2,52,1005.9,0.3,1,262,19.3,0,0,117.4,0,605,322,26.82
08/04/2019 10:00,11.9,26.8,51,1005.8,1,1.7,114,19.6,0,0,117.4,0,202,322,26.9
08/04/2019 10:15,11.9,26.4,52,1005.7,0.7,1.8,262,19.5,0,0,117.4,0,646,322,27
08/04/2019 10:30,11.9,26.8,50,1005.7,0.5,1.1,242,19.5,0,0,117.4,0,790,322,27
08/04/2019 10:45,11.9,26.8,51,1005.7,0.8,1.8,270,19.6,0,0,117.4,0,240,322,27.03
08/04/2019 11:00,11.9,24.3,57,1005.6,0.8,2.4,298,18.5,0,0,117.4,0,670,322,27.06
08/04/2019 11:15,11.9,26.9,45,1005.4,1.1,3.7,291,18.6,0,0,117.4,0,309,322,27.08
08/04/2019 11:30,11.9,24.8,49,1005.5,1.5,4.1,300,17.6,0,0,117.4,0,309,322,27.09
08/04/2019 11:45,11.9,24.4,49,1005.5,1.6,3.2,308,17.3,0,0,117.4,0,265,322,27.13
08/04/2019 12:00,11.9,24,46,1005.5,1.4,4.3,336,16.4,0,0,117.4,0,217,322,27.14
08/04/2019 12:15,11.9,24.8,44,1005.4,1.6,3.3,304,16.8,0,0,117.4,0,860,322,27.11
08/04/2019 12:30,11.9,24.7,41,1005.3,4.7,6.8,310,16.1,0,0,117.4,0,736,322,27.14
08/04/2019 12:45,11.9,24.8,42,1005.4,1.3,2.9,290,16.4,0,0,117.4,0,705,322,27.17
08/04/2019 13:00,11.9,25.1,41,1005.2,2,6.8,306,16.5,0,0,117.4,0,888,322,27.2
08/04/2019 13:15,11.9,24.8,38,1005.2,2.3,7.5,305,15.7,0,0,117.4,0,893,322,27.28
08/04/2019 13:30,11.9,24.9,42,1005,2.6,5.8,309,16.5,0,0,117.4,0,762,322,27.32
08/04/2019 13:45,11.9,24.8,39,1005,2.5,5.4,309,16,0,0,117.4,0,757,322,27.32
08/04/2019 14:00,11.9,25.9,42,1004.8,3,7.2,319,17.4,0,0,117.4,0,528,322,27.37
08/04/2019 14:15,11.9,25,37,1004.7,3.1,5.9,313,15.7,0,0,117.4,0,680,322,27.39
08/04/2019 14:30,11.9,25.9,37,1004.7,1.2,5.2,312,16.5,0,0,117.4,0,728,322,27.42
08/04/2019 14:45,11.9,26.9,39,1004.7,0.9,4,307,17.4,0,0,117.4,0,701,322,27.41
08/04/2019 15:00,11.9,27.2,36,1004.7,1,2.3,295,17.3,0,0,117.4,0,674,322,27.48
08/04/2019 15:15,11.9,27.6,38,1004.5,0.7,2,260,17.8,0,0,117.4,0,650,322,27.51
08/04/2019 15:30,11.9,26.7,37,1004.4,2.4,4.9,310,17,0,0,117.4,0,620,322,27.5
08/04/2019 15:45,11.9,27.6,37,1004.3,1,2.6,249,17.7,0,0,117.4,0,588,322,27.55
08/04/2019 16:00,11.9,27,37,1004.3,1.3,3.4,309,17.2,0,0,117.4,0,566,322,27.6
08/04/2019 16:15,11.9,26.8,35,1004.4,1.2,4.2,313,16.6,0,0,117.4,0,536,322,27.64
08/04/2019 16:30,11.9,26.2,34,1004.3,3,5.8,309,16.1,0,0,117.4,0,494,322,27.66
08/04/2019 16:45,11.9,26.2,33,1004.4,3.3,5.2,317,15.9,0,0,117.4,0,455,322,27.68
08/04/2019 17:00,11.9,26.1,33,1004.4,4,7.1,310,15.7,0,0,117.4,0,418,322,27.7
08/04/2019 17:15,11.9,26,32,1004.4,3.2,6,308,15.6,0,0,117.4,0,374,322,27.61
08/04/2019 17:30,11.9,25.5,36,1004.6,3.8,7.3,313,15.9,0,0,117.4,0,334,322,27.61
08/04/2019 17:45,11.9,25.3,33,1004.5,3.4,5.4,312,15.1,0,0,117.4,0,303,322,27.62
08/04/2019 18:00,11.9,25.3,33,1004.7,3,5.5,310,15.2,0,0,117.4,0,265,322,27.53
08/04/2019 18:15,11.9,25.1,38,1004.8,2.1,4.2,314,15.9,0,0,117.4,0,232,322,27.47
08/04/2019 18:30,11.9,25.1,35,1004.9,2.6,4.8,310,15.4,0,0,117.4,0,192,322,27.55
08/04/2019 18:45,11.9,24.6,37,1004.9,3.7,6.8,312,15.4,0,0,117.4,0,156,322,27.51
08/04/2019 19:00,11.9,24.1,40,1005.2,2.2,5,310,15.6,0,0,117.4,0,120,322,27.46
08/04/2019 19:15,11.9,23.7,43,1005.3,2.5,5,305,15.6,0,0,117.4,0,85,322,27.41
08/04/2019 19:30,11.9,23.1,45,1005.6,2.4,3.7,317,15.6,0,0,117.4,0,52,322,27.37
08/04/2019 19:45,11.9,22.6,49,1005.7,1.7,4.1,301,15.7,0,0,117.4,0,17,322,27.33
08/04/2019 20:00,11.9,21.7,49,1006,0,0.6,0,15,0,0,117.4,0,6,322,27.29
08/04/2019 20:15,11.9,21.3,46,1006.2,2.1,4,348,14.3,0,0,117.4,0,1,322,27.27
08/04/2019 20:30,11.9,20.9,48,1006.4,2.2,4,346,14.2,0,0,117.4,0,0,322,27.19
08/04/2019 20:45,11.9,20.7,47,1006.5,2.6,5.2,349,14,0,0,117.4,0,0,322,27.24
08/04/2019 21:00,11.9,20.4,48,1006.7,4.2,6.8,316,13.8,0,0,117.4,0,0,322,27.1
08/04/2019 21:15,11.9,20,49,1006.9,3.1,5.6,321,13.6,0,0,117.4,0,0,322,27.02
08/04/2019 21:30,11.9,19.5,51,1007.2,2.2,5.5,316,13.5,0,0,117.4,0,0,322,26.95
08/04/2019 21:45,11.9,19.4,53,1007.2,1.4,4.8,332,13.7,0,0,117.4,0,0,322,26.94
08/04/2019 22:00,11.9,19.1,53,1007.2,2.5,4.3,333,13.5,0,0,117.4,0,0,322,26.91
08/04/2019 22:15,11.9,18.9,55,1007.4,1.5,3.4,329,13.5,0,0,117.4,0,0,322,26.87
08/04/2019 22:30,11.9,18.4,56,1007.4,0.7,1.4,8,13.2,0,0,117.4,0,0,322,26.86
08/04/2019 22:45,11.9,18.2,60,1007.4,0.7,1.7,331,13.5,0,0,117.4,0,0,322,26.8
08/04/2019 23:00,11.9,17.8,58,1007.4,1.3,2,339,13.1,0,0,117.4,0,0,322,26.77
08/04/2019 23:15,11.9,18,60,1007.5,1.2,1.9,316,13.4,0,0,117.4,0,0,322,26.72
08/04/2019 23:30,11.9,18,59,1007.6,1.1,2,313,13.3,0,0,117.4,0,0,322,26.65
08/04/2019 23:45,11.9,17.6,58,1007.6,0.9,1.7,334,12.9,0,0,117.4,0,0,322,26.6
08/05/2019 00:00,11.9,17.7,57,1007.5,1.1,1.6,323,12.8,0,0,117.4,0,0,322,26.55
08/05/2019 00:15,11.9,17.5,58,1007.5,1.3,1.8,317,12.7,0,0,117.4,0,0,322,26.54
08/05/2019 00:30,11.9,17.3,60,1007.4,0.9,2.1,304,12.8,0,0,117.4,0,0,322,26.48
08/05/2019 00:45,11.9,17.6,58,1007.5,1.7,2.6,320,12.8,0,0,117.4,0,0,322,26.46
08/05/2019 01:00,11.9,17.7,55,1007.4,1.3,2.1,302,12.6,0,0,117.4,0,0,322,26.43
08/05/2019 01:15,11.9,17.5,58,1007.4,1.2,2.2,320,12.8,0,0,117.4,0,0,322,26.41
08/05/2019 01:30,11.9,17.4,61,1007.7,1,1.6,310,13,0,0,117.4,0,0,322,26.38
08/05/2019 01:45,11.9,17.5,60,1007.6,0.7,1.9,325,13,0,0,117.4,0,0,322,26.36
08/05/2019 02:00,11.9,17.3,65,1007.6,1,1.8,322,13.3,0,0,117.4,0,0,322,26.33
08/05/2019 02:15,11.9,17,63,1007.7,0.5,1.2,342,12.9,0,0,117.4,0,0,322,26.26
08/05/2019 02:30,11.9,17.2,60,1007.7,1,2.1,333,12.7,0,0,117.4,0,0,322,26.28
08/05/2019 02:45,11.9,17.4,56,1007.4,0.8,2.1,296,12.5,0,0,117.4,0,0,322,26.23
08/05/2019 03:00,11.9,16.7,60,1007.7,1.2,2.4,337,12.2,0,0,117.4,0,0,322,26.15
08/05/2019 03:15,11.9,16.4,64,1007.6,0.3,0.8,337,12.5,0,0,117.4,0,0,322,26.14
08/05/2019 03:30,11.9,16.2,66,1007.7,0,0.5,0,12.6,0,0,117.4,0,0,322,26.08
08/05/2019 03:45,11.9,15.7,70,1007.6,0.8,1.5,231,12.6,0,0,117.4,0,0,322,26.08
08/05/2019 04:00,11.9,15,70,1007.7,0,0.6,0,11.9,0,0,117.4,0,0,322,26.06
08/05/2019 04:15,11.9,14.9,72,1007.7,0.7,1.6,215,12,0,0,117.4,0,0,322,25.98
08/05/2019 04:30,11.9,14.7,75,1007.8,1.5,2.1,222,12.2,0,0,117.4,0,0,321,25.97
08/05/2019 04:45,11.9,14.6,76,1007.7,0.6,1.2,218,12.2,0,0,117.4,0,0,321,25.94
08/05/2019 05:00,11.9,14.4,77,1007.8,0,0.5,0,12.1,0,0,117.4,0,0,322,25.93
08/05/2019 05:15,11.9,14.5,73,1007.9,0.7,1.2,280,11.8,0,0,117.4,0,0,322,25.9
08/05/2019 05:30,11.9,14.7,72,1007.9,0.5,1.4,238,11.9,0,0,117.4,0,3,322,25.86
08/05/2019 05:45,11.9,14.7,71,1008,1.9,3.4,224,11.8,0,0,117.4,0,11,322,25.85
08/05/2019 06:00,11.9,14.8,72,1008.1,1.2,2.6,218,11.9,0,0,117.4,0,20,322,25.86
08/05/2019 06:15,11.9,15.1,72,1008.4,0.8,1.1,224,12.2,0,0,117.4,0,33,322,25.82
08/05/2019 06:30,11.9,16,68,1008.3,0.8,2.9,242,12.7,0,0,117.4,0,48,322,25.79
08/05/2019 06:45,11.9,17,65,1008.4,0.7,1.6,249,13.2,0,0,117.4,0,59,322,25.78
08/05/2019 07:00,11.9,16.7,66,1008.4,1.4,2.3,226,13,0,0,117.4,0,177,322,25.74
08/05/2019 07:15,11.9,17.9,66,1008.3,0.7,1.6,310,14,0,0,117.4,0,230,322,25.74
08/05/2019 07:30,11.9,19.7,58,1008.3,0.5,1.3,0,14.6,0,0,117.4,0,267,322,25.75
08/05/2019 07:45,11.9,18.7,57,1008.2,1.5,2.5,319,13.7,0,0,117.4,0,305,322,25.81
08/05/2019 08:00,11.9,19.6,56,1008.5,1,2,302,14.2,0,0,117.4,0,343,322,25.8
08/05/2019 08:15,11.9,20.7,51,1008.7,0.9,1.8,303,14.5,0,0,117.4,0,381,322,25.81
08/05/2019 08:30,11.9,20.9,48,1008.6,1.6,2.7,312,14.2,0,0,117.4,0,418,322,25.82
08/05/2019 08:45,11.9,20.4,49,1008.5,1.7,2.6,318,14,0,0,117.4,0,457,322,25.84
08/05/2019 09:00,11.9,21.4,47,1008.7,0.8,1.6,293,14.4,0,0,117.4,0,492,322,25.85
08/05/2019 09:15,11.9,21.4,48,1008.6,0.8,2.3,296,14.7,0,0,117.4,0,527,322,25.88
08/05/2019 09:30,11.9,23.9,41,1008.6,0.7,2.8,302,15.6,0,0,117.4,0,560,322,25.88
08/05/2019 09:45,11.9,22.2,44,1008.6,0.6,1.8,295,14.8,0,0,117.4,0,591,322,25.88
08/05/2019 10:00,11.9,23.5,44,1008.6,0.9,2.6,291,15.6,0,0,117.4,0,624,322,25.89
08/05/2019 10:15,11.9,24.3,37,1008.8,1.3,2.4,303,15.2,0,0,117.4,0,642,322,25.94
08/05/2019 10:30,11.9,23.1,42,1008.7,1.5,2.9,304,15.1,0,0,117.4,0,677,322,25.96
08/05/2019 10:45,11.9,24,40,1008.5,1.2,2.3,272,15.5,0,0,117.4,0,704,322,25.97
08/05/2019 11:00,11.9,22.4,43,1008.5,1.1,2.1,305,14.7,0,0,117.4,0,730,322,25.99
08/05/2019 11:15,11.9,24.6,40,1008.5,1.3,2.5,230,15.9,0,0,117.4,0,747,322,26
08/05/2019 11:30,11.9,26,37,1008.4,0.4,1.2,208,16.4,0,0,117.4,0,791,322,26.05
08/05/2019 11:45,11.9,25.5,37,1008.2,0.8,2.2,278,16.1,0,0,117.4,0,790,322,26.1
08/05/2019 12:00,11.9,23.7,41,1008.2,2.7,4.2,305,15.3,0,0,117.4,0,790,322,26.16
08/05/2019 12:15,11.9,25.1,40,1008,1.3,2.4,311,16.3,0,0,117.4,0,794,322,26.24
08/05/2019 12:30,11.9,23.9,41,1007.9,2,3.9,304,15.6,0,0,117.4,0,798,322,26.32
08/05/2019 12:45,11.9,25.9,38,1007.8,0.7,2,294,16.6,0,0,117.4,0,798,322,26.36
08/05/2019 13:00,11.9,26.2,39,1007.6,1.1,3.7,226,17,0,0,117.4,0,808,322,26.37
08/05/2019 13:15,11.9,26.1,38,1007.4,1.8,3.1,225,16.6,0,0,117.4,0,809,322,26.34
08/05/2019 13:30,11.9,25.2,43,1007.3,1,3.1,308,16.9,0,0,117.4,0,799,322,26.42
08/05/2019 13:45,11.9,24.8,42,1007.3,1.2,2.6,227,16.5,0,0,117.4,0,777,322,26.45
08/05/2019 14:00,11.9,26.3,42,1007.3,0.8,1.8,269,17.6,0,0,117.4,0,762,322,26.54
08/05/2019 14:15,11.9,26.5,38,1007.3,1.1,3.1,269,17,0,0,117.4,0,745,322,26.48
08/05/2019 14:30,11.9,26.8,40,1007.2,0.8,1.7,268,17.6,0,0,117.4,0,725,322,26.78
08/05/2019 14:45,11.9,27.7,36,1007,0.9,2.1,289,17.5,0,0,117.4,0,700,322,26.92
08/05/2019 15:00,11.9,26.1,40,1006.7,1.9,2.8,308,17,0,0,117.4,0,677,322,26.82
08/05/2019 15:15,11.9,27.6,37,1007,0.7,1.5,269,17.6,0,0,117.4,0,651,322,26.73
08/05/2019 15:30,11.9,27.7,37,1006.8,1,1.6,249,17.7,0,0,117.4,0,620,322,26.95
08/05/2019 15:45,11.9,28.2,38,1006.8,0.9,2.1,320,18.2,0,0,117.4,0,590,322,26.69
08/05/2019 16:00,11.9,28.2,37,1006.8,1.8,3.9,221,18.1,0,0,117.4,0,560,322,26.72
08/05/2019 16:15,11.9,28.2,36,1006.7,0.9,2.6,259,18,0,0,117.4,0,527,322,26.89
08/05/2019 16:30,11.9,28.3,36,1006.6,0.8,2.1,293,18,0,0,117.4,0,494,323,27
08/05/2019 16:45,11.9,28.7,36,1006.6,0.7,2.9,273,18.4,0,0,117.4,0,459,323,26.99
08/05/2019 17:00,11.9,28.5,34,1006.7,1,2.5,261,17.7,0,0,117.4,0,424,323,27.06
08/05/2019 17:15,11.9,28.2,34,1006.5,1,3,291,17.6,0,0,117.4,0,383,323,27.1
08/05/2019 17:30,11.9,28.2,37,1006.6,0.4,1.8,0,18.1,0,0,117.4,0,346,323,27.14
08/05/2019 17:45,11.9,28.4,35,1006.4,1,2.5,313,17.8,0,0,117.4,0,310,323,27.11
08/05/2019 18:00,11.9,28.6,38,1006.4,0.7,2.2,271,18.6,0,0,117.4,0,270,323,27.06
08/05/2019 18:15,11.9,28.6,36,1006.5,0.8,2.6,277,18.1,0,0,117.4,0,235,323,27.03
08/05/2019 18:30,11.9,28.8,38,1006.3,0.5,0.9,271,18.8,0,0,117.4,0,197,323,27.01
08/05/2019 18:45,11.9,28.3,37,1006.4,0.8,2.7,287,18.3,0,0,117.4,0,161,323,27.02
08/05/2019 19:00,11.9,28,39,1006.3,0.5,1.3,285,18.3,0,0,117.4,0,124,323,26.99
08/05/2019 19:15,11.9,27.7,47,1006.1,0.6,1.3,325,19.5,0,0,117.4,0,87,323,26.97
08/05/2019 19:30,11.9,26.8,49,1006.4,0,0.8,0,19.3,0,0,117.4,0,53,323,26.92
08/05/2019 19:45,11.9,26.1,47,1006.6,0,0.7,0,18.3,0,0,117.4,0,12,322,26.91
08/05/2019 20:00,11.9,24.8,54,1006.5,0,0.4,0,18.4,0,0,117.4,0,4,322,26.85
08/05/2019 20:15,11.9,23.1,57,1006.5,0,0.5,0,17.4,0,0,117.4,0,0,322,26.82
08/05/2019 20:30,11.9,22.6,61,1006.6,1.3,3.4,216,17.6,0,0,117.4,0,0,322,26.79
08/05/2019 20:45,11.9,21.9,62,1006.8,1.8,3.6,226,17,0,0,117.4,0,0,322,26.74
08/05/2019 21:00,11.9,21.7,65,1006.9,0.8,2.4,222,17.4,0,0,117.4,0,0,322,26.7
08/05/2019 21:15,11.9,21.3,68,1007,0.5,3.6,238,17.3,0,0,117.4,0,0,322,26.65
08/05/2019 21:30,11.9,21,69,1007.3,0,1.2,0,17.2,0,0,117.4,0,0,322,26.61
08/05/2019 21:45,11.9,20.7,68,1007.4,1.2,2.4,222,16.9,0,0,117.4,0,0,322,26.57
08/05/2019 22:00,11.9,20.3,70,1007.4,0.9,1.8,227,16.8,0,0,117.4,0,0,322,26.51
08/05/2019 22:15,11.9,20.1,71,1007.3,1.4,2.9,211,16.7,0,0,117.4,0,0,322,26.45
08/05/2019 22:30,11.9,19.8,72,1007.5,1.3,2.3,212,16.5,0,0,117.4,0,0,322,26.42
08/05/2019 22:45,11.9,19.5,73,1007.5,1.3,2.3,219,16.4,0,0,117.4,0,0,322,26.38
08/05/2019 23:00,11.9,19.3,72,1007.4,1.5,2.5,221,16.1,0,0,117.4,0,0,322,26.34
08/05/2019 23:15,11.9,19.3,75,1007.6,1.1,2.7,219,16.3,0,0,117.4,0,0,322,26.3
08/05/2019 23:30,11.9,19.1,74,1007.4,0.8,2.6,215,16.1,0,0,117.4,0,0,322,26.27
08/05/2019 23:45,11.9,18.8,76,1007.4,0.9,1.6,199,16.1,0,0,117.4,0,0,322,26.25
08/06/2019 00:00,11.9,18.6,76,1007.5,0.9,1.4,212,15.9,0,0,117.4,0,0,322,26.23
08/06/2019 00:15,11.9,18.3,76,1007.4,0,1.4,0,15.7,0,0,117.4,0,0,322,26.18
08/06/2019 00:30,11.9,18,77,1007.7,0,0.8,0,15.5,0,0,117.4,0,0,322,26.18
08/06/2019 00:45,11.9,17.7,78,1007.7,0.7,1.3,193,15.3,0,0,117.4,0,0,322,26.14
08/06/2019 01:00,11.9,17.5,81,1007.3,0.8,1.5,178,15.5,0,0,117.4,0,0,322,26.09
08/06/2019 01:15,11.9,17.5,83,1007.3,1.3,2,220,15.6,0,0,117.4,0,0,322,26.12
08/06/2019 01:30,11.9,17.3,81,1007.3,1.2,1.7,227,15.3,0,0,117.4,0,0,322,26.05
08/06/2019 01:45,11.9,17.4,85,1007.2,0.4,0.9,233,15.7,0,0,117.4,0,0,322,26.05
08/06/2019 02:00,11.9,17.1,84,1007.2,0.4,1.1,224,15.4,0,0,117.4,0,0,322,25.99
08/06/2019 02:15,11.9,17,84,1007,0.5,0.8,249,15.4,0,0,117.4,0,0,322,25.96
08/06/2019 02:30,11.9,16.8,86,1006.8,1.2,1.9,228,15.4,0,0,117.4,0,0,322,25.96
08/06/2019 02:45,11.9,16.7,87,1006.8,1.1,1.7,226,15.4,0,0,117.4,0,0,322,25.93
08/06/2019 03:00,11.9,16.7,87,1006.8,1.1,1.4,213,15.4,0,0,117.4,0,0,322,25.88
08/06/2019 03:15,11.9,16.5,88,1006.9,0.9,1.6,215,15.3,0,0,117.4,0,0,322,25.83
08/06/2019 03:30,11.9,16.5,88,1007,0,0.6,137,15.2,0,0,117.4,0,0,322,25.81
08/06/2019 03:45,11.9,16,90,1006.9,0.3,1,147,15,0,0,117.4,0,0,322,25.79
08/06/2019 04:00,11.9,16.1,90,1007,0.4,0.8,183,15.2,0,0,117.4,0,0,322,25.73
08/06/2019 04:15,11.9,15.7,91,1007,0.6,0.9,132,14.8,0,0,117.4,0,0,322,25.67
08/06/2019 04:30,11.9,15.7,92,1007.2,1.2,1.9,209,14.9,0,0,117.4,0,0,322,25.68
08/06/2019 04:45,11.9,15.7,91,1007.2,0,0.4,0,14.8,0,0,117.4,0,0,322,25.64
08/06/2019 05:00,11.9,15.5,92,1007.2,0,0.3,0,14.7,0,0,117.4,0,0,322,25.62
08/06/2019 05:15,11.9,15.7,92,1007.2,0,0.5,0,14.9,0,0,117.4,0,0,322,25.59
08/06/2019 05:30,11.9,15.9,93,1007.1,0,0.3,0,15.2,0,0,117.4,0,4,322,25.56
08/06/2019 05:45,11.9,16,93,1007.3,0,0.8,359,15.3,0,0,117.4,0,14,322,25.52
08/06/2019 06:00,11.9,16.3,93,1007.2,0,0,0,15.6,0,0,117.4,0,26,322,25.49
08/06/2019 06:15,11.9,16.6,93,1007.3,0.8,1.3,216,15.8,0,0,117.4,0,41,322,25.46
08/06/2019 06:30,11.9,16.5,94,1007.3,0,0.4,0,15.8,0,0,117.4,0,55,322,25.46
08/06/2019 06:45,11.9,16.5,91,1007.3,1.3,2.2,216,15.6,0,0,117.4,0,66,322,25.44
08/06/2019 07:00,11.9,16.7,92,1007.3,1.2,2.3,208,15.9,0,0,117.4,0,156,322,25.44
08/06/2019 07:15,11.9,17.5,89,1007.1,0.8,1.9,232,16.4,0,0,117.4,0,204,322,25.45
08/06/2019 07:30,11.9,18.3,84,1007,0.6,1.6,229,16.6,0,0,117.4,0,248,322,25.47
08/06/2019 07:45,11.9,19.2,79,1007,0.9,1.6,228,16.9,0,0,117.4,0,292,322,25.48
08/06/2019 08:00,11.9,19.4,78,1007.1,1.3,2.5,206,16.9,0,0,117.4,0,331,322,25.5
08/06/2019 08:15,11.9,19,81,1007.1,1.8,2.7,236,16.8,0,0,117.4,0,365,322,25.51
08/06/2019 08:30,11.9,19.9,77,1007.1,1.1,2.3,221,17.2,0,0,117.4,0,407,322,25.53
08/06/2019 08:45,11.9,21.1,72,1007,1.5,2.9,222,17.8,0,0,117.4,0,446,322,25.55
08/06/2019 09:00,11.9,22.4,69,1007.1,1.3,2.7,210,18.5,0,0,117.4,0,477,322,25.61
08/06/2019 09:15,11.9,21.9,69,1007.1,1.1,2.1,199,18.1,0,0,117.4,0,511,322,25.62
08/06/2019 09:30,11.9,21.6,71,1007.1,1.9,3.2,206,18,0,0,117.4,0,545,322,25.69
08/06/2019 09:45,11.9,22.8,67,1006.9,0.9,2.5,240,18.6,0,0,117.4,0,581,322,25.66
08/06/2019 10:00,11.9,24.2,61,1006.9,1.2,3.5,230,18.9,0,0,117.4,0,616,322,25.73
08/06/2019 10:15,11.9,26,57,1006.9,0.7,1.7,221,19.9,0,0,117.4,0,645,322,25.77
08/06/2019 10:30,11.9,27.3,54,1007,0.9,1.9,228,20.5,0,0,117.4,0,670,322,25.78
08/06/2019 10:45,11.9,27.2,53,1006.8,0.8,2.4,229,20.2,0,0,117.4,0,695,322,25.87
08/06/2019 11:00,11.9,26.7,54,1006.6,1,2.8,225,20,0,0,117.4,0,716,322,25.8
08/06/2019 11:15,11.9,26.6,56,1006.4,1.1,3.4,232,20.3,0,0,117.4,0,738,322,25.9
08/06/2019 11:30,11.9,27.4,52,1006.2,0.8,3,255,20.2,0,0,117.4,0,756,322,26
08/06/2019 11:45,11.9,26.9,54,1006.1,1.4,3.6,221,20.1,0,0,117.4,0,772,322,26.01
08/06/2019 12:00,11.9,26.9,54,1005.8,1.3,3.9,239,20.1,0,0,117.4,0,781,322,26.03
08/06/2019 12:15,11.9,27.8,48,1005.7,1,5.4,231,19.8,0,0,117.4,0,790,322,26.12
08/06/2019 12:30,11.9,27.4,49,1005.5,1.4,5.4,232,19.6,0,0,117.4,0,795,322,26.26
08/06/2019 12:45,11.9,27.7,47,1005.4,2.1,4.6,216,19.7,0,0,117.4,0,801,322,26.26
08/06/2019 13:00,11.9,27.9,46,1005.3,3.2,6.8,219,19.6,0,0,117.4,0,803,322,26.31
08/06/2019 13:15,11.9,28.2,43,1005.3,3.5,7.7,209,19.3,0,0,117.4,0,810,322,26.37
08/06/2019 13:30,11.9,28.3,44,1005,2.4,6.4,217,19.6,0,0,117.4,0,790,322,26.31
08/06/2019 13:45,11.9,28.2,44,1004.8,3.3,6.2,219,19.5,0,0,117.4,0,773,322,26.47
08/06/2019 14:00,11.9,27.9,45,1004.6,1.8,4.5,218,19.4,0,0,117.4,0,757,322,26.58
08/06/2019 14:15,11.9,28.2,45,1004.5,2.8,5.7,220,19.5,0,0,117.4,0,745,322,26.61
08/06/2019 14:30,11.9,28.1,49,1004.4,2.4,5.6,221,20.3,0,0,117.4,0,720,322,26.65
08/06/2019 14:45,11.9,28,48,1004.2,2.6,4.1,206,20,0,0,117.4,0,693,322,26.65
08/06/2019 15:00,11.9,27.9,47,1004.2,3.9,7.9,217,19.7,0,0,117.4,0,666,322,26.77
08/06/2019 15:15,11.9,28.1,47,1004.2,1.3,4.6,246,20,0,0,117.4,0,640,322,26.83
08/06/2019 15:30,11.9,27.5,49,1004,1.9,5.5,243,19.8,0,0,117.4,0,608,322,26.82
08/06/2019 15:45,11.9,27.8,46,1004,2.5,7.1,202,19.5,0,0,117.4,0,582,322,26.87
08/06/2019 16:00,11.9,27.3,46,1004.2,4.6,6.8,222,19.1,0,0,117.4,0,551,322,26.91
08/06/2019 16:15,11.9,27.3,47,1004.1,3.2,6.5,228,19.3,0,0,117.4,0,518,322,26.92
08/06/2019 16:30,11.9,27,49,1004.1,4.7,8.7,227,19.3,0,0,117.4,0,484,322,26.94
08/06/2019 16:45,11.9,26.9,49,1004,2.6,4.9,206,19.3,0,0,117.4,0,452,322,27
08/06/2019 17:00,11.9,26.9,49,1004,2.6,5,227,19.3,0,0,117.4,0,420,323,27.09
08/06/2019 17:15,11.9,26.7,51,1003.9,1.6,3.5,234,19.5,0,0,117.4,0,399,322,27.06
08/06/2019 17:30,11.9,26.6,51,1003.9,2.5,5.2,210,19.5,0,0,117.4,0,366,322,27.06
08/06/2019 17:45,11.9,26.2,51,1004,3,5.6,211,19,0,0,117.4,0,321,322,27.03
08/06/2019 18:00,11.9,25.7,53,1003.9,3.9,7,213,18.9,0,0,117.4,0,281,322,27.06
08/06/2019 18:15,11.9,25.3,55,1004,1.6,4.1,214,19,0,0,117.4,0,244,322,26.98
08/06/2019 18:30,11.9,24.8,56,1004,2.9,6.3,215,18.6,0,0,117.4,0,214,322,26.94
08/06/2019 18:45,11.9,24.5,56,1003.7,3.6,5.5,221,18.3,0,0,117.4,0,174,322,26.92
08/06/2019 19:00,11.9,24.2,56,1003.9,2.4,4.5,221,18.2,0,0,117.4,0,137,322,26.86
08/06/2019 19:15,11.9,24,57,1004.1,1.3,2.9,198,18.1,0,0,117.4,0,95,322,26.85
08/06/2019 19:30,11.9,23.4,59,1003.8,2.2,3.7,200,18,0,0,117.4,0,55,322,26.85
08/06/2019 19:45,11.9,22.8,59,1004.1,1.9,5.2,210,17.4,0,0,117.4,0,17,322,26.83
08/06/2019 20:00,11.9,22.5,61,1004.4,1.6,2.9,203,17.3,0,0,117.4,0,5,322,26.78
08/06/2019 20:15,11.9,21.8,63,1004.4,1.2,2.7,171,17.1,0,0,117.4,0,0,322,26.69
08/06/2019 20:30,11.9,21.7,65,1004.6,1.1,2.2,217,17.3,0,0,117.4,0,0,322,26.67
08/06/2019 20:45,11.9,21.7,69,1004.9,0.8,2.3,117,17.8,0,0,117.4,0,0,322,26.58
08/06/2019 21:00,11.9,21.4,71,1004.9,1.5,2.8,171,17.9,0,0,117.4,0,0,322,26.58
08/06/2019 21:15,11.9,21,75,1004.8,1.5,3.7,218,18,0,0,117.4,0,0,322,26.53
08/06/2019 21:30,11.9,20.8,76,1004.8,0.7,1.8,146,18,0,0,117.4,0,0,322,26.45
08/06/2019 21:45,11.9,21.1,76,1004.9,0.8,1.4,170,18.3,0,0,117.4,0,0,322,26.44
08/06/2019 22:00,11.9,21.1,77,1005,1.1,2.3,185,18.4,0,0,117.4,0,0,322,26.41
08/06/2019 22:15,11.9,21.1,77,1005.1,1.5,3.1,212,18.3,0,0,117.4,0,0,322,26.37
08/06/2019 22:30,11.9,21,76,1004.8,0.7,1.6,231,18.1,0,0,117.4,0,0,322,26.36
08/06/2019 22:45,11.9,20.9,77,1004.8,0.8,1.9,164,18.1,0,0,117.4,0,0,322,26.33
08/06/2019 23:00,11.9,20.7,77,1004.5,1,2.5,214,18,0,0,117.4,0,0,322,26.32
08/06/2019 23:15,11.9,20.6,77,1004.5,1,1.6,146,17.9,0,0,117.4,0,0,322,26.29
08/06/2019 23:30,11.9,20.6,77,1004.3,1.3,2.3,192,17.9,0,0,117.4,0,0,322,26.28
08/06/2019 23:45,11.9,20.5,77,1004.5,1.2,1.6,151,17.8,0,0,117.4,0,0,322,26.26
08/07/2019 00:00,11.9,20.4,78,1004.5,0.9,3.2,176,17.7,0,0,117.4,0,0,322,26.19
08/07/2019 00:15,11.9,20.2,78,1004.4,0.8,1.7,168,17.6,0,0,117.4,0,0,322,26.18
08/07/2019 00:30,11.9,20,78,1004.1,0.9,1.4,162,17.5,0,0,117.4,0,0,322,26.14
08/07/2019 00:45,11.9,19.9,78,1004.3,1.4,2.9,211,17.4,0,0,117.4,0,0,322,26.15
08/07/2019 01:00,11.9,19.8,79,1004.3,0.7,1.5,174,17.3,0,0,117.4,0,0,322,26.13
08/07/2019 01:15,11.9,19.8,79,1004.1,1,1.7,169,17.4,0,0,117.4,0,0,322,26.11
08/07/2019 01:30,11.9,19.6,81,1004.3,1,2.1,207,17.4,0,0,117.4,0,0,322,26.07
08/07/2019 01:45,11.9,19.7,82,1004,1,2,171,17.7,0,0,117.4,0,0,322,26
08/07/2019 02:00,11.9,19.8,84,1003.9,0.7,1.6,122,18,0,0,117.4,0,0,322,25.99
08/07/2019 02:15,11.9,19.6,84,1003.9,0.3,0.9,0,17.8,0,0,117.4,0,0,322,26
08/07/2019 02:30,11.9,19.8,86,1004.1,0.4,1.1,286,18.3,0,0,117.4,0,0,322,25.97
08/07/2019 02:45,11.9,19.8,86,1004,1.3,2,205,18.2,0,0,117.4,0,0,322,25.94
08/07/2019 03:00,11.9,19.7,86,1004,1.1,1.7,186,18.1,0,0,117.4,0,0,322,25.95
08/07/2019 03:15,11.9,19.8,86,1004.1,0.8,1.5,213,18.2,0,0,117.4,0,0,322,25.94
08/07/2019 03:30,11.9,19.8,87,1004.1,0.8,1.4,169,18.3,0,0,117.4,0,0,322,25.93
08/07/2019 03:45,11.9,19.8,87,1004,0.7,1.3,128,18.3,0,0,117.4,0,0,322,25.91
08/07/2019 04:00,11.9,19.7,87,1004,0.8,1.6,143,18.2,0,0,117.4,0,0,322,25.85
08/07/2019 04:15,11.9,19.6,88,1004.1,0,0.6,0,18.3,0,0,117.4,0,0,322,25.84
08/07/2019 04:30,11.9,19.7,88,1004,0.5,1.6,163,18.4,0,0,117.4,0,0,322,25.8
08/07/2019 04:45,11.9,19.7,89,1004.1,0.7,0.9,111,18.5,0,0,117.4,0,0,322,25.78
08/07/2019 05:00,11.9,19.6,90,1004.2,0.9,1.5,155,18.5,0,0,117.4,0,0,322,25.79
08/07/2019 05:15,11.9,19.6,90,1004.2,0.6,1.1,189,18.6,0,0,117.4,0,0,322,25.76
08/07/2019 05:30,11.9,19.8,90,1004.1,0,0.4,0,18.7,0,0,117.4,0,1,322,25.75
08/07/2019 05:45,11.9,20,91,1004.3,0.8,1.4,181,18.9,0,0,117.4,0,4,322,25.74
08/07/2019 06:00,11.9,19.4,93,1004.5,0.8,1.6,151,18.7,0,0,117.4,0,7,322,25.72
08/07/2019 06:15,11.9,19.4,94,1004.5,0.6,0.7,118,18.8,0,0,117.4,0,17,322,25.7
08/07/2019 06:30,11.9,19.5,94,1004.7,1,1.7,161,18.8,0,0,117.4,0,22,322,25.72
08/07/2019 06:45,11.9,19.4,94,1004.7,0.4,1.2,171,18.8,0,0,117.4,0,23,322,25.68
08/07/2019 07:00,11.9,19.6,95,1004.7,0.5,0.8,121,19,0,0,117.4,0,47,322,25.67
08/07/2019 07:15,11.9,19.9,94,1004.7,0.6,1,169,19.2,0,0,117.4,0,44,322,25.64
08/07/2019 07:30,11.9,20.1,93,1004.8,0.3,0.8,192,19.3,0,0,117.4,0,81,322,25.64
08/07/2019 07:45,11.9,20.5,91,1004.8,0.4,0.8,134,19.5,0,0,117.4,0,128,322,25.63
08/07/2019 08:00,11.9,21.1,89,1005,0.5,1.2,221,19.8,0,0,117.4,0,122,322,25.61
08/07/2019 08:15,11.9,21.5,87,1005.1,0.6,1.1,290,20,0,0,117.4,0,154,322,25.64
08/07/2019 08:30,11.9,21.6,87,1005.1,1,2.5,231,20,0,0,117.4,0,102,322,25.66
08/07/2019 08:45,11.9,21.5,87,1005.1,1.6,2.6,215,19.9,0,0,117.4,0,202,322,25.65
08/07/2019 09:00,11.9,21.3,88,1005,1.4,2.6,153,19.9,0,0,117.4,0,148,322,25.64
08/07/2019 09:15,11.9,21.1,89,1004.9,0.9,2,138,19.8,0,0,117.4,0,99,322,25.63
08/07/2019 09:30,11.9,21,91,1004.9,1,2,125,19.9,0,0,117.4,0,115,322,25.61
08/07/2019 09:45,11.9,21.1,90,1004.6,1.1,1.6,151,19.9,0,0,117.4,0,182,322,25.62
08/07/2019 10:00,11.9,21.4,89,1004.6,1.5,2.9,215,20,0,0,117.4,0,236,322,25.6
08/07/2019 10:15,11.9,21.3,90,1004.7,1,2.4,130,20,0,0,117.4,0,127,322,25.57
08/07/2019 10:30,11.9,21.5,89,1004.7,1,1.8,144,20.3,0,0,117.4,0,178,322,25.58
08/07/2019 10:45,11.9,22.4,85,1004.5,1.3,2.2,207,20.6,0,0,117.4,0,378,322,25.59
08/07/2019 11:00,11.9,23.8,79,1004.5,0.6,2.4,242,21.2,0,0,117.4,0,310,322,25.66
08/07/2019 11:15,11.9,23.5,81,1004.3,1.2,2,214,21,0,0,117.4,0,165,322,25.64
08/07/2019 11:30,11.9,23.3,81,1004.4,1.5,2.7,223,20.9,0,0,117.4,0,167,322,25.69
08/07/2019 11:45,11.9,23,83,1004.2,0.8,1.5,215,20.9,0,0,117.4,0,186,322,25.7
08/07/2019 12:00,11.9,23.7,80,1004.3,1.4,2.1,228,21.2,0,0,117.4,0,145,322,25.71
08/07/2019 12:15,11.9,24,78,1004.2,1.2,2,170,21.3,0,0,117.4,0,180,322,25.7
08/07/2019 12:30,11.9,25,75,1004.4,0.6,2.2,294,21.7,0,0,117.4,0,171,322,25.71
08/07/2019 12:45,11.9,24.6,77,1004.2,0,0.9,321,21.7,0,0,117.4,0,163,322,25.69
08/07/2019 13:00,11.9,24.1,79,1004.3,0.7,1.6,310,21.4,0,0,117.4,0,237,322,25.73
08/07/2019 13:15,11.9,24.4,79,1004.1,1.4,2.4,303,21.6,0,0,117.4,0,250,322,25.75
08/07/2019 13:30,11.9,25.3,75,1004.1,0.9,1.3,291,22,0,0,117.4,0,389,322,25.77
08/07/2019 13:45,11.9,25.4,75,1003.9,0.4,1.2,134,22.1,0,0,117.4,0,221,322,25.79
08/07/2019 14:00,11.9,26.6,71,1003.8,0.4,1.5,0,22.6,0,0,117.4,0,221,322,25.82
08/07/2019 14:15,11.9,26.3,73,1003.7,1,1.4,347,22.5,0,0,117.4,0,296,322,25.87
08/07/2019 14:30,11.9,27.1,71,1003.7,0.7,1,288,23.1,0,0,117.4,0,165,322,25.89
08/07/2019 14:45,11.9,27.3,70,1003.6,0.7,2.1,237,23.1,0,0,117.4,0,385,322,25.91
08/07/2019 15:00,11.9,26.1,75,1003.6,1.4,2.6,226,22.7,0,0,117.4,0,215,322,25.96
08/07/2019 15:15,11.9,26.5,74,1003.5,0.4,1.6,301,22.9,0,0,117.4,0,294,322,25.98
08/07/2019 15:30,11.9,27.6,70,1003.2,0.3,1.1,0,23.4,0,0,117.4,0,285,322,25.99
08/07/2019 15:45,11.9,27.7,70,1003,0.5,1.2,259,23.4,0,0,117.4,0,453,322,26.03
08/07/2019 16:00,11.9,27,70,1002.8,0.5,0.9,344,22.7,0,0,117.4,0,349,322,26.08
08/07/2019 16:15,11.9,26.1,72,1002.8,1.9,3.8,217,22.3,0,0,117.4,0,472,322,26.07
08/07/2019 16:30,11.9,26.1,74,1002.8,1.6,3.8,233,22.6,0,0,117.4,0,309,322,26.01
08/07/2019 16:45,11.9,26.1,73,1003.1,1.6,3.7,216,22.4,0,0,117.4,0,156,322,26.05
08/07/2019 17:00,11.9,26.2,73,1003,1.1,3.1,131,22.4,0,0,117.4,0,418,322,26.1
08/07/2019 17:15,11.9,26,74,1003.1,1.3,2.5,142,22.5,0,0,117.4,0,179,322,26.09
08/07/2019 17:30,11.9,25.5,76,1003.1,2.1,3.4,174,22.3,0,0,117.4,0,256,322,26.07
08/07/2019 17:45,11.9,25.2,78,1003.2,1.9,3.2,200,22.2,0,0,117.4,0,134,322,26.06
08/07/2019 18:00,11.9,25,78,1003,1,2,162,22,0,0,117.4,0,99,322,26.05
08/07/2019 18:15,11.9,25,79,1003.1,2.5,4,197,22.2,0,0,117.4,0,81,322,26.03
08/07/2019 18:30,11.9,24.7,80,1003.2,1.9,4.1,154,22,0,0,117.4,0,42,322,26.03
08/07/2019 18:45,11.9,24.5,80,1003.2,1.6,3.8,172,22,0,0,117.4,0,25,322,26
08/07/2019 19:00,11.9,24.3,81,1003.3,0.9,2.8,186,21.9,0,0,117.4,0,11,322,25.96
08/07/2019 19:15,11.9,24,83,1003.1,1,1.7,142,21.9,0,0,117.4,0,5,322,25.95
08/07/2019 19:30,11.9,24.1,84,1003.2,0.8,1.7,151,22.1,60,0.4,117.4,0,0,322,25.95
08/07/2019 19:45,11.9,22.9,90,1003.4,2.8,5,102,21.7,60,8.6,120.6,3.1,1,322,25.94
08/07/2019 20:00,11.9,22.2,94,1003.3,0.7,1.4,131,21.5,60,0,120.6,0,0,322,25.84
08/07/2019 20:15,11.9,22.2,96,1003.3,0.5,0.9,128,21.7,60,0.2,120.7,0.1,0,322,25.86
08/07/2019 20:30,11.9,22.2,97,1003.3,0.9,2.4,186,21.8,60,0,120.7,0,0,322,25.86
08/07/2019 20:45,11.9,22.1,95,1003.5,1.2,2.9,169,21.5,60,0,120.7,0,0,322,25.87
08/07/2019 21:00,11.9,22.1,95,1003.6,1.2,1.8,161,21.4,60,0.2,120.7,0,0,322,25.84
08/07/2019 21:15,11.9,21.8,96,1003.5,0.8,1.9,143,21.4,0,0,120.9,0.1,0,322,25.83
08/07/2019 21:30,11.9,21.8,95,1003.5,0.6,1.2,139,21.2,0,0,120.9,0,0,322,25.8
08/07/2019 21:45,11.9,21.8,95,1003.3,0.5,1.2,175,21.2,60,0.1,120.9,0,0,322,25.77
08/07/2019 22:00,11.9,21.8,96,1003.2,0,0.4,0,21.3,0,0,120.9,0,0,322,25.77
08/07/2019 22:15,11.9,22.2,96,1003.1,0,0.5,0,21.7,0,0,120.9,0,0,322,25.8
08/07/2019 22:30,11.9,22.1,96,1002.9,0.7,1,121,21.7,0,0,120.9,0,0,322,25.77
08/07/2019 22:45,11.9,21.9,98,1002.8,0.8,1.5,133,21.7,60,2,121.8,0.9,0,322,25.78
08/07/2019 23:00,11.9,22,97,1002.9,0.5,0.6,289,21.7,0,0,122.5,0.7,0,322,25.68
08/07/2019 23:15,11.9,22.1,97,1002.8,1.1,2,198,21.7,0,0,122.5,0,0,322,25.68
08/07/2019 23:30,11.9,22,97,1002.5,0.9,1.5,217,21.7,0,0,122.5,0,0,322,25.67
08/07/2019 23:45,11.9,22.2,97,1002.3,1.5,2.6,224,21.8,0,0,122.5,0,0,322,25.66
08/08/2019 00:00,11.9,22.1,97,1002.1,1.1,1.6,210,21.8,0,0,122.5,0,0,322,25.65
08/08/2019 00:15,11.9,22.1,97,1001.8,0.6,1.6,168,21.7,0,0,122.5,0,0,322,25.68
08/08/2019 00:30,11.9,22.2,97,1001.7,1.1,4,220,21.8,0,0,122.5,0,0,322,25.67
08/08/2019 00:45,11.9,22.4,97,1001.6,2,3.6,205,22.1,60,0,123,0.5,0,322,25.63
08/08/2019 01:00,11.9,22.2,97,1001.2,0.9,1.8,222,21.8,0,0,123,0,0,322,25.65
08/08/2019 01:15,11.9,22.3,97,1001.3,1.3,3.1,224,22,0,0,123,0,0,322,25.63
08/08/2019 01:30,11.9,22.3,97,1001.4,1.6,3.3,216,21.9,0,0,123,0,0,322,25.6
08/08/2019 01:45,11.9,22.1,97,1001.5,1.7,2.9,212,21.7,0,0,123,0,0,322,25.62
08/08/2019 02:00,11.9,22,96,1001.5,1,2.5,219,21.5,0,0,123,0,0,322,25.6
08/08/2019 02:15,11.9,21.9,96,1001,1,1.8,209,21.5,60,0.3,123.3,0.3,0,322,25.62
08/08/2019 02:30,11.9,21.8,97,1001,0.7,1.4,179,21.4,60,0.7,123.5,0.2,0,322,25.6
08/08/2019 02:45,11.9,21.6,96,1001,1,2.5,208,21.2,0,0,123.6,0,0,322,25.58
08/08/2019 03:00,11.9,21.5,97,1000.9,0.9,2.2,167,21.1,0,0,123.6,0,0,322,25.57
08/08/2019 03:15,11.9,21.4,97,1001,1,1.9,135,21.1,60,0,123.6,0,0,322,25.56
08/08/2019 03:30,11.9,21.3,97,1001.1,0.7,1.7,143,21,60,0.1,123.6,0,0,322,25.54
08/08/2019 03:45,11.9,21.3,97,1001,1.4,2.5,191,21,60,0.1,123.6,0,0,322,25.53
08/08/2019 04:00,11.9,21.3,97,1000.9,1.3,2.6,139,20.9,60,0.9,123.8,0.1,0,322,25.55
08/08/2019 04:15,11.9,21.1,97,1000.6,0.8,1.5,153,20.8,60,0.4,124,0.2,0,322,25.5
08/08/2019 04:30,11.9,21.1,98,1000.4,1.1,1.5,117,20.9,60,0.5,124.1,0.1,0,322,25.51
08/08/2019 04:45,11.9,20.8,97,1000.3,1.1,2.4,172,20.5,60,0.1,124.2,0.1,0,322,25.46
08/08/2019 05:00,11.9,20.7,98,1000.3,1.2,1.7,139,20.4,60,0.2,124.2,0,0,322,25.48
08/08/2019 05:15,11.9,20.7,98,1000.1,0.9,1.4,111,20.4,60,0,124.3,0,0,322,25.45
08/08/2019 05:30,11.9,20.5,97,1000.1,0.5,1.5,125,20.2,60,0,124.3,0,0,322,25.4
08/08/2019 05:45,11.9,20.6,97,1000.2,1.4,2.8,155,20.2,60,0.1,124.3,0,1,322,25.42
08/08/2019 06:00,11.9,20.4,98,1000.2,0.7,1.4,177,20.1,0,0,124.3,0,6,322,25.38
08/08/2019 06:15,11.9,20.6,97,1000.2,0.7,1.9,147,20.2,0,0,124.3,0,8,322,25.36
08/08/2019 06:30,11.9,20.6,97,1000,0.8,1.5,122,20.3,0,0,124.3,0,7,322,25.36
08/08/2019 06:45,11.9,20.5,97,999.8,1,2,140,20.2,0,0,124.3,0,10,322,25.38
08/08/2019 07:00,11.9,20.6,98,999.6,0.8,1.1,113,20.4,60,0,124.4,0.1,8,322,25.35
